Name,Link
"H., J.",https://web.archive.org/web/20121007173111/http://www.nga.gov/cgi-bin/tsearch?artistid=1366
"Haacke, Hans",https://web.archive.org/web/20121007173111/http://www.nga.gov/cgi-bin/tsearch?artistid=19096
"Haacke, Hans Christoph",https://web.archive.org/web/20121007173111/http://www.nga.gov/cgi-bin/tsearch?artistid=19096
"Haag, Carl",https://web.archive.org/web/20121007173111/http://www.nga.gov/cgi-bin/tsearch?artistid=25170
"Haagen, Joris van der",https://web.archive.org/web/20121007173111/http://www.nga.gov/cgi-bin/tsearch?artistid=28658
"Haake, Hans",https://web.archive.org/web/20121007173111/http://www.nga.gov/cgi-bin/tsearch?artistid=6901
"Haár, Ferenc",https://web.archive.org/web/20121007173111/http://www.nga.gov/cgi-bin/tsearch?artistid=28078
"Haar, Francis",https://web.archive.org/web/20121007173111/http://www.nga.gov/cgi-bin/tsearch?artistid=28078
"Haas, Hildegarde",https://web.archive.org/web/20121007173111/http://www.nga.gov/cgi-bin/tsearch?artistid=33510
"Haas, H.P.",https://web.archive.org/web/20121007173111/http://www.nga.gov/cgi-bin/tsearch?artistid=15172
"Haas, Richard John",https://web.archive.org/web/20121007173111/http://www.nga.gov/cgi-bin/tsearch?artistid=4278
"Haasen, Paul",https://web.archive.org/web/20121007173111/http://www.nga.gov/cgi-bin/tsearch?artistid=17779
"Haasen, Raymond",https://web.archive.org/web/20121007173111/http://www.nga.gov/cgi-bin/tsearch?artistid=12370
"Haass, Terry",https://web.archive.org/web/20121007173111/http://www.nga.gov/cgi-bin/tsearch?artistid=2552
"Haberer, Charles Winston",https://web.archive.org/web/20121007173111/http://www.nga.gov/cgi-bin/tsearch?artistid=5807
"Haberle, John",https://web.archive.org/web/20121007173111/http://www.nga.gov/cgi-bin/tsearch?artistid=22811
"Hackaert, Jan",https://web.archive.org/web/20121007173111/http://www.nga.gov/cgi-bin/tsearch?artistid=4279
"Hackaert, Joan",https://web.archive.org/web/20121007173111/http://www.nga.gov/cgi-bin/tsearch?artistid=4279
"Hackney, Malcolm",https://web.archive.org/web/20121007173111/http://www.nga.gov/cgi-bin/tsearch?artistid=7610
"Hadcock, R. Neville",https://web.archive.org/web/20121007173111/http://www.nga.gov/cgi-bin/tsearch?artistid=4280
"Haddoca, A.",https://web.archive.org/web/20121007173111/http://www.nga.gov/cgi-bin/tsearch?artistid=1367
Haddock,https://web.archive.org/web/20121007173111/http://www.nga.gov/cgi-bin/tsearch?artistid=1367
"Haddock, A.",https://web.archive.org/web/20121007173111/http://www.nga.gov/cgi-bin/tsearch?artistid=1367
"Haden, Francis Seymour",https://web.archive.org/web/20121007173111/http://www.nga.gov/cgi-bin/tsearch?artistid=2553
"Haden, Francis Seymour Sir",https://web.archive.org/web/20121007173111/http://www.nga.gov/cgi-bin/tsearch?artistid=2553
"Haden, Seymour",https://web.archive.org/web/20121007173111/http://www.nga.gov/cgi-bin/tsearch?artistid=2553
"Hadgadya, Miriam (Marussia)",https://web.archive.org/web/20121007173111/http://www.nga.gov/cgi-bin/tsearch?artistid=33511
"Hadley, Shirley Thomson",https://web.archive.org/web/20121007173111/http://www.nga.gov/cgi-bin/tsearch?artistid=4281
"Haecht, Tobias van",https://web.archive.org/web/20121007173111/http://www.nga.gov/cgi-bin/tsearch?artistid=2791
"Haelwegh, Adriaen",https://web.archive.org/web/20121010213427/http://www.nga.gov/cgi-bin/tsearch?artistid=9701
"Haese, Reinhoud d'",https://web.archive.org/web/20121010213427/http://www.nga.gov/cgi-bin/tsearch?artistid=9891
"Haeyler, J.",https://web.archive.org/web/20121010213427/http://www.nga.gov/cgi-bin/tsearch?artistid=30020
"Haffenrichter, Hans",https://web.archive.org/web/20121010213427/http://www.nga.gov/cgi-bin/tsearch?artistid=6555
"Hafftka, Michael",https://web.archive.org/web/20121010213427/http://www.nga.gov/cgi-bin/tsearch?artistid=27681
"Hafley, Bruce",https://web.archive.org/web/20121010213427/http://www.nga.gov/cgi-bin/tsearch?artistid=2554
"Hagan, James Garrison",https://web.archive.org/web/20121010213427/http://www.nga.gov/cgi-bin/tsearch?artistid=2127
"Hagedorn, Edward",https://web.archive.org/web/20121010213427/http://www.nga.gov/cgi-bin/tsearch?artistid=33512
"Hagelstange, Rudolf",https://web.archive.org/web/20121010213427/http://www.nga.gov/cgi-bin/tsearch?artistid=13894
"Hagemann, Gustav",https://web.archive.org/web/20121010213427/http://www.nga.gov/cgi-bin/tsearch?artistid=4282
"Hagemeyer, Johan",https://web.archive.org/web/20121010213427/http://www.nga.gov/cgi-bin/tsearch?artistid=26834
"Hagen, Emil",https://web.archive.org/web/20121010213427/http://www.nga.gov/cgi-bin/tsearch?artistid=7611
"Hagenauer, Friedrich",https://web.archive.org/web/20121010213427/http://www.nga.gov/cgi-bin/tsearch?artistid=2128
"Hager, Lee",https://web.archive.org/web/20121010213427/http://www.nga.gov/cgi-bin/tsearch?artistid=7612
"Hagerman, Kent",https://web.archive.org/web/20121010213427/http://www.nga.gov/cgi-bin/tsearch?artistid=33513
"Haghe, Louis",https://web.archive.org/web/20121010213427/http://www.nga.gov/cgi-bin/tsearch?artistid=6855
"Hagiwara, Hideo",https://web.archive.org/web/20121010213427/http://www.nga.gov/cgi-bin/tsearch?artistid=4283
"Hague, Heukelekian",https://web.archive.org/web/20121010213427/http://www.nga.gov/cgi-bin/tsearch?artistid=6635
"Hague, Raoul",https://web.archive.org/web/20121010213427/http://www.nga.gov/cgi-bin/tsearch?artistid=6635
"Hagy, Elizabeth",https://web.archive.org/web/20121010213427/http://www.nga.gov/cgi-bin/tsearch?artistid=17653
"Hahn, Harold Maxwell",https://web.archive.org/web/20121010213427/http://www.nga.gov/cgi-bin/tsearch?artistid=33514
"Hahn, Walter",https://web.archive.org/web/20121010213427/http://www.nga.gov/cgi-bin/tsearch?artistid=33515
"Haid, Johannes Elias",https://web.archive.org/web/20121010213427/http://www.nga.gov/cgi-bin/tsearch?artistid=10430
"Haid, Johannes Jacob",https://web.archive.org/web/20121010213427/http://www.nga.gov/cgi-bin/tsearch?artistid=10429
"Haid, Johann Gottfried",https://web.archive.org/web/20121010213427/http://www.nga.gov/cgi-bin/tsearch?artistid=25803
"Hailstone, Bernard",https://web.archive.org/web/20121010213427/http://www.nga.gov/cgi-bin/tsearch?artistid=1368
"Haines, Richard",https://web.archive.org/web/20121010213427/http://www.nga.gov/cgi-bin/tsearch?artistid=2555
"Hainzelman, Johann",https://web.archive.org/web/20121010213427/http://www.nga.gov/cgi-bin/tsearch?artistid=6232
"Hák, Miroslav",https://web.archive.org/web/20121010213427/http://www.nga.gov/cgi-bin/tsearch?artistid=29212
"Hake, Otto E.",https://web.archive.org/web/20121010213509/http://www.nga.gov/cgi-bin/tsearch?artistid=7613
"Halaby, Samia Asaad",https://web.archive.org/web/20121010213509/http://www.nga.gov/cgi-bin/tsearch?artistid=4284
"Halász, Gyula",https://web.archive.org/web/20121010213509/http://www.nga.gov/cgi-bin/tsearch?artistid=13567
"Halbauer, Christian",https://web.archive.org/web/20121010213509/http://www.nga.gov/cgi-bin/tsearch?artistid=22048
"Halbax, Michael Wenzel",https://web.archive.org/web/20121010213509/http://www.nga.gov/cgi-bin/tsearch?artistid=31158
"Halbou, Louis-Michel",https://web.archive.org/web/20121010213509/http://www.nga.gov/cgi-bin/tsearch?artistid=4285
"Hale, Ellen Day",https://web.archive.org/web/20121010213509/http://www.nga.gov/cgi-bin/tsearch?artistid=33517
"Hale, Lilian Westcott",https://web.archive.org/web/20121010213509/http://www.nga.gov/cgi-bin/tsearch?artistid=9838
"Hale, Philip Mrs.",https://web.archive.org/web/20121010213509/http://www.nga.gov/cgi-bin/tsearch?artistid=9838
"Halegua, Alfredo",https://web.archive.org/web/20121010213509/http://www.nga.gov/cgi-bin/tsearch?artistid=2129
"Halem, Gerhard Anton von",https://web.archive.org/web/20121010213509/http://www.nga.gov/cgi-bin/tsearch?artistid=7011
"Halévy, Ludovic",https://web.archive.org/web/20121010213509/http://www.nga.gov/cgi-bin/tsearch?artistid=31312
"Haley, John Charles",https://web.archive.org/web/20121010213509/http://www.nga.gov/cgi-bin/tsearch?artistid=33516
"Halfant, Jules",https://web.archive.org/web/20121010213509/http://www.nga.gov/cgi-bin/tsearch?artistid=24375
"Halfpenny, John",https://web.archive.org/web/20121010213509/http://www.nga.gov/cgi-bin/tsearch?artistid=11537
"Halfpenny, Joseph S.",https://web.archive.org/web/20121010213509/http://www.nga.gov/cgi-bin/tsearch?artistid=14755
"Halfpenny, William",https://web.archive.org/web/20121010213509/http://www.nga.gov/cgi-bin/tsearch?artistid=11536
"Hall, Charles",https://web.archive.org/web/20121010213509/http://www.nga.gov/cgi-bin/tsearch?artistid=12042
"Hall, Frederick Garrison",https://web.archive.org/web/20121010213509/http://www.nga.gov/cgi-bin/tsearch?artistid=5737
"Hall, John",https://web.archive.org/web/20121010213509/http://www.nga.gov/cgi-bin/tsearch?artistid=7614
"Hall, John",https://web.archive.org/web/20121010213509/http://www.nga.gov/cgi-bin/tsearch?artistid=4286
"Hall, Lillian E.",https://web.archive.org/web/20121010213509/http://www.nga.gov/cgi-bin/tsearch?artistid=33518
"Hall, Rick",https://web.archive.org/web/20121010213509/http://www.nga.gov/cgi-bin/tsearch?artistid=4287
"Hall, Susan",https://web.archive.org/web/20121010213509/http://www.nga.gov/cgi-bin/tsearch?artistid=5928
"Hallbrock, Jo",https://web.archive.org/web/20121010213509/http://www.nga.gov/cgi-bin/tsearch?artistid=6372
"Halle, J.S.L.",https://web.archive.org/web/20121010213509/http://www.nga.gov/cgi-bin/tsearch?artistid=4288
"Haller, Albrecht von",https://web.archive.org/web/20121010213509/http://www.nga.gov/cgi-bin/tsearch?artistid=34626
"Haller, Emanuel",https://web.archive.org/web/20121010213509/http://www.nga.gov/cgi-bin/tsearch?artistid=4289
"Halley, Peter",https://web.archive.org/web/20121010213509/http://www.nga.gov/cgi-bin/tsearch?artistid=21231
"Hallmann, Anton",https://web.archive.org/web/20121010213438/http://www.nga.gov/cgi-bin/tsearch?artistid=24319
"Halpert, Samuel",https://web.archive.org/web/20121010213438/http://www.nga.gov/cgi-bin/tsearch?artistid=21587
"Halpin, Grace",https://web.archive.org/web/20121010213438/http://www.nga.gov/cgi-bin/tsearch?artistid=7615
"Hals, Frans",https://web.archive.org/web/20121010213438/http://www.nga.gov/cgi-bin/tsearch?artistid=1369
"Halsey, Brian",https://web.archive.org/web/20121010213438/http://www.nga.gov/cgi-bin/tsearch?artistid=4290
"Hamabe, Francis E.",https://web.archive.org/web/20121010213438/http://www.nga.gov/cgi-bin/tsearch?artistid=33520
"Hamaguchi, Yozo",https://web.archive.org/web/20121010213438/http://www.nga.gov/cgi-bin/tsearch?artistid=4291
"Hamblen, Sturtevant J.",https://web.archive.org/web/20121010213438/http://www.nga.gov/cgi-bin/tsearch?artistid=5518
"Hamblin, L.J.",https://web.archive.org/web/20121010213438/http://www.nga.gov/cgi-bin/tsearch?artistid=5518
"Hamblin, Sturtevant J.",https://web.archive.org/web/20121010213438/http://www.nga.gov/cgi-bin/tsearch?artistid=5518
"Hamen y León, Juan van der",https://web.archive.org/web/20121010213438/http://www.nga.gov/cgi-bin/tsearch?artistid=1370
"Hamera, Oldrich",https://web.archive.org/web/20121010213438/http://www.nga.gov/cgi-bin/tsearch?artistid=24830
"Hamerani, Ermenegildo",https://web.archive.org/web/20121010213438/http://www.nga.gov/cgi-bin/tsearch?artistid=17294
"Hamerani, Giovanni",https://web.archive.org/web/20121010213438/http://www.nga.gov/cgi-bin/tsearch?artistid=10052
"Hamerani, Ottone",https://web.archive.org/web/20121010213438/http://www.nga.gov/cgi-bin/tsearch?artistid=20733
"Hamerton, Philip Gilbert",https://web.archive.org/web/20121010213438/http://www.nga.gov/cgi-bin/tsearch?artistid=7138
"Hamilton, Ann",https://web.archive.org/web/20121010213438/http://www.nga.gov/cgi-bin/tsearch?artistid=25362
"Hamilton, Ed",https://web.archive.org/web/20121010213438/http://www.nga.gov/cgi-bin/tsearch?artistid=10115
"Hamilton, Hamilton",https://web.archive.org/web/20121010213438/http://www.nga.gov/cgi-bin/tsearch?artistid=6053
"Hamilton, Hugh Douglas",https://web.archive.org/web/20121010213438/http://www.nga.gov/cgi-bin/tsearch?artistid=6762
"Hamilton, Richard",https://web.archive.org/web/20121010213438/http://www.nga.gov/cgi-bin/tsearch?artistid=4292
"Hamilton, William",https://web.archive.org/web/20121010213438/http://www.nga.gov/cgi-bin/tsearch?artistid=18855
"Hamlin, Larry",https://web.archive.org/web/20121010213438/http://www.nga.gov/cgi-bin/tsearch?artistid=23135
"Hamlin, Lawrence",https://web.archive.org/web/20121010213438/http://www.nga.gov/cgi-bin/tsearch?artistid=23135
"Hammer, Sid",https://web.archive.org/web/20121010213438/http://www.nga.gov/cgi-bin/tsearch?artistid=4293
"Hammer, Victor",https://web.archive.org/web/20121010213438/http://www.nga.gov/cgi-bin/tsearch?artistid=2556
"Hammer, Wolf",https://web.archive.org/web/20121010213438/http://www.nga.gov/cgi-bin/tsearch?artistid=4929
"Hammersley, Frederick",https://web.archive.org/web/20121010213438/http://www.nga.gov/cgi-bin/tsearch?artistid=36662
"Hammond, Jane",https://web.archive.org/web/20121010213438/http://www.nga.gov/cgi-bin/tsearch?artistid=21588
"Hampl, Josef",https://web.archive.org/web/20121010213518/http://www.nga.gov/cgi-bin/tsearch?artistid=24822
"Hampl, Petr",https://web.archive.org/web/20121010213518/http://www.nga.gov/cgi-bin/tsearch?artistid=24872
"Han, Hsiang Ning",https://web.archive.org/web/20121010213518/http://www.nga.gov/cgi-bin/tsearch?artistid=34290
"Hancock, Walker",https://web.archive.org/web/20121010213518/http://www.nga.gov/cgi-bin/tsearch?artistid=2130
"Hancock, Walter Kirtland",https://web.archive.org/web/20121010213518/http://www.nga.gov/cgi-bin/tsearch?artistid=2130
"Handelsman, Bernard",https://web.archive.org/web/20121010213518/http://www.nga.gov/cgi-bin/tsearch?artistid=33521
"Handforth, Thomas Schofield",https://web.archive.org/web/20121010213518/http://www.nga.gov/cgi-bin/tsearch?artistid=5738
"Handy, Dorothy",https://web.archive.org/web/20121010213518/http://www.nga.gov/cgi-bin/tsearch?artistid=7616
"Handy, John",https://web.archive.org/web/20121010213518/http://www.nga.gov/cgi-bin/tsearch?artistid=21032
"Hanias, Johannes",https://web.archive.org/web/20121010213518/http://www.nga.gov/cgi-bin/tsearch?artistid=14874
"Hankins, Abraham P.",https://web.archive.org/web/20121010213518/http://www.nga.gov/cgi-bin/tsearch?artistid=4294
"Hanks, Fletcher",https://web.archive.org/web/20121010213518/http://www.nga.gov/cgi-bin/tsearch?artistid=7617
"Hanley, Charles",https://web.archive.org/web/20121010213518/http://www.nga.gov/cgi-bin/tsearch?artistid=20097
"Hannah, John",https://web.archive.org/web/20121010213518/http://www.nga.gov/cgi-bin/tsearch?artistid=33522
"Hannell, Vinol M.S.",https://web.archive.org/web/20121010213518/http://www.nga.gov/cgi-bin/tsearch?artistid=35137
"Hanneman, Adriaen",https://web.archive.org/web/20121010213518/http://www.nga.gov/cgi-bin/tsearch?artistid=1371
"Hanning, Robert",https://web.archive.org/web/20121010213518/http://www.nga.gov/cgi-bin/tsearch?artistid=27036
"Hannock, Stephen",https://web.archive.org/web/20121010213518/http://www.nga.gov/cgi-bin/tsearch?artistid=29837
"Hannula, Simo Pertii",https://web.archive.org/web/20121010213518/http://www.nga.gov/cgi-bin/tsearch?artistid=4295
Hans von Essen,https://web.archive.org/web/20121010213518/http://www.nga.gov/cgi-bin/tsearch?artistid=4560
"Hanscom, Trude",https://web.archive.org/web/20121010213518/http://www.nga.gov/cgi-bin/tsearch?artistid=4296
"Hansen, Armin C.",https://web.archive.org/web/20121010213518/http://www.nga.gov/cgi-bin/tsearch?artistid=34630
"Hansen, Emil",https://web.archive.org/web/20121010213518/http://www.nga.gov/cgi-bin/tsearch?artistid=2666
"Hansen, Esther",https://web.archive.org/web/20121010213518/http://www.nga.gov/cgi-bin/tsearch?artistid=7618
"Hansen, Holger",https://web.archive.org/web/20121010213518/http://www.nga.gov/cgi-bin/tsearch?artistid=7619
"Hansen, Marius",https://web.archive.org/web/20121010213518/http://www.nga.gov/cgi-bin/tsearch?artistid=7620
"Hansen, Mary",https://web.archive.org/web/20121010213518/http://www.nga.gov/cgi-bin/tsearch?artistid=7621
"Hansen, Robert",https://web.archive.org/web/20121010213518/http://www.nga.gov/cgi-bin/tsearch?artistid=5921
"Hanspers, Olle",https://web.archive.org/web/20121010213518/http://www.nga.gov/cgi-bin/tsearch?artistid=4297
"Hantaï, Simon",https://web.archive.org/web/20121010213301/http://www.nga.gov/cgi-bin/tsearch?artistid=2560
"Harari, Hananiah",https://web.archive.org/web/20121010213301/http://www.nga.gov/cgi-bin/tsearch?artistid=33523
"Harcharik, Paul",https://web.archive.org/web/20121010213301/http://www.nga.gov/cgi-bin/tsearch?artistid=6735
"Hardie, Martin",https://web.archive.org/web/20121010213301/http://www.nga.gov/cgi-bin/tsearch?artistid=4298
"Harding, Chester",https://web.archive.org/web/20121010213301/http://www.nga.gov/cgi-bin/tsearch?artistid=1372
"Harding, Donald",https://web.archive.org/web/20121010213301/http://www.nga.gov/cgi-bin/tsearch?artistid=7622
"Harding, Edward",https://web.archive.org/web/20121010213301/http://www.nga.gov/cgi-bin/tsearch?artistid=6233
"Hare, David",https://web.archive.org/web/20121010213301/http://www.nga.gov/cgi-bin/tsearch?artistid=6912
"Harlan, Felix",https://web.archive.org/web/20121010213301/http://www.nga.gov/cgi-bin/tsearch?artistid=14878
"Harley, George",https://web.archive.org/web/20121010213301/http://www.nga.gov/cgi-bin/tsearch?artistid=6396
"Harloff, Guy",https://web.archive.org/web/20121010213301/http://www.nga.gov/cgi-bin/tsearch?artistid=4299
"Harlow, George Henry",https://web.archive.org/web/20121010213301/http://www.nga.gov/cgi-bin/tsearch?artistid=4300
"Harlow, Louis Kinney",https://web.archive.org/web/20121010213301/http://www.nga.gov/cgi-bin/tsearch?artistid=35120
"Harlow, Robert",https://web.archive.org/web/20121010213301/http://www.nga.gov/cgi-bin/tsearch?artistid=7623
"Harms, Johann Oswald",https://web.archive.org/web/20121010213301/http://www.nga.gov/cgi-bin/tsearch?artistid=27962
"Harnett, William Michael",https://web.archive.org/web/20121010213301/http://www.nga.gov/cgi-bin/tsearch?artistid=1373
"Harnly, Perkins",https://web.archive.org/web/20121010213301/http://www.nga.gov/cgi-bin/tsearch?artistid=7624
"Harper, William Saint John",https://web.archive.org/web/20121010213301/http://www.nga.gov/cgi-bin/tsearch?artistid=33524
"Harpignies, Henri",https://web.archive.org/web/20121010213301/http://www.nga.gov/cgi-bin/tsearch?artistid=1374
"Harpignies, Henri-Joseph",https://web.archive.org/web/20121010213301/http://www.nga.gov/cgi-bin/tsearch?artistid=1374
"Harris, Alice",https://web.archive.org/web/20121010213301/http://www.nga.gov/cgi-bin/tsearch?artistid=33525
"Harris, Charles X.",https://web.archive.org/web/20121010213301/http://www.nga.gov/cgi-bin/tsearch?artistid=21777
"Harris, Dorothy",https://web.archive.org/web/20121010213301/http://www.nga.gov/cgi-bin/tsearch?artistid=7625
"Harris, George Albert",https://web.archive.org/web/20121010213301/http://www.nga.gov/cgi-bin/tsearch?artistid=33526
"Harris, John",https://web.archive.org/web/20121010213301/http://www.nga.gov/cgi-bin/tsearch?artistid=4301
"Harris, Margaret Coleman",https://web.archive.org/web/20121010213301/http://www.nga.gov/cgi-bin/tsearch?artistid=33527
"Harris, Miles",https://web.archive.org/web/20121010213301/http://www.nga.gov/cgi-bin/tsearch?artistid=23519
"Harris, Paul",https://web.archive.org/web/20121010213301/http://www.nga.gov/cgi-bin/tsearch?artistid=5922
"Harris, Tomás Joseph",https://web.archive.org/web/20121010213301/http://www.nga.gov/cgi-bin/tsearch?artistid=4302
"Harrison, Alexander",https://web.archive.org/web/20121010213506/http://www.nga.gov/cgi-bin/tsearch?artistid=35398
"Harrison, Anthony",https://web.archive.org/web/20121010213506/http://www.nga.gov/cgi-bin/tsearch?artistid=4303
"Harrison, T. Alexander",https://web.archive.org/web/20121010213506/http://www.nga.gov/cgi-bin/tsearch?artistid=35398
"Harrison, Thomas Alexander",https://web.archive.org/web/20121010213506/http://www.nga.gov/cgi-bin/tsearch?artistid=35398
"Harriton, Abraham",https://web.archive.org/web/20121010213506/http://www.nga.gov/cgi-bin/tsearch?artistid=33528
"Hart, Franklin",https://web.archive.org/web/20121010213506/http://www.nga.gov/cgi-bin/tsearch?artistid=8266
"Hart, George Overbury (Pop)",https://web.archive.org/web/20121010213506/http://www.nga.gov/cgi-bin/tsearch?artistid=2557
"Hart, James McDougal",https://web.archive.org/web/20121010213506/http://www.nga.gov/cgi-bin/tsearch?artistid=5739
"Hart, John Francis",https://web.archive.org/web/20121010213506/http://www.nga.gov/cgi-bin/tsearch?artistid=33529
"Hart, ""Pop""",https://web.archive.org/web/20121010213506/http://www.nga.gov/cgi-bin/tsearch?artistid=2557
"Hart, Robert",https://web.archive.org/web/20121010213506/http://www.nga.gov/cgi-bin/tsearch?artistid=6371
"Hart, W.",https://web.archive.org/web/20121010213506/http://www.nga.gov/cgi-bin/tsearch?artistid=4304
"Hart, William",https://web.archive.org/web/20121010213506/http://www.nga.gov/cgi-bin/tsearch?artistid=2558
"Harta, Felix Albrecht",https://web.archive.org/web/20121010213506/http://www.nga.gov/cgi-bin/tsearch?artistid=4305
"Hartenstein, Violet",https://web.archive.org/web/20121010213506/http://www.nga.gov/cgi-bin/tsearch?artistid=7626
"Hartigan, George",https://web.archive.org/web/20121010213506/http://www.nga.gov/cgi-bin/tsearch?artistid=4306
"Hartigan, Grace",https://web.archive.org/web/20121010213506/http://www.nga.gov/cgi-bin/tsearch?artistid=4306
"Hartley, Marsden",https://web.archive.org/web/20121010213506/http://www.nga.gov/cgi-bin/tsearch?artistid=1375
"Hartman, Carl Gustave",https://web.archive.org/web/20121010213506/http://www.nga.gov/cgi-bin/tsearch?artistid=25087
"Hartman, C. Bertram",https://web.archive.org/web/20121010213506/http://www.nga.gov/cgi-bin/tsearch?artistid=35136
"Hartman, Sheigla",https://web.archive.org/web/20121010213506/http://www.nga.gov/cgi-bin/tsearch?artistid=2559
"Hartmann, Joseph",https://web.archive.org/web/20121010213506/http://www.nga.gov/cgi-bin/tsearch?artistid=31155
"Hartmann, L. B.",https://web.archive.org/web/20121010213506/http://www.nga.gov/cgi-bin/tsearch?artistid=8281
"Hartung, Hans",https://web.archive.org/web/20121010213506/http://www.nga.gov/cgi-bin/tsearch?artistid=1376
"Hartung, Hans Ernst",https://web.archive.org/web/20121010213506/http://www.nga.gov/cgi-bin/tsearch?artistid=1376
"Hartwell, George Kenneth",https://web.archive.org/web/20121010213506/http://www.nga.gov/cgi-bin/tsearch?artistid=33531
"Harvey, Herbert Johnson",https://web.archive.org/web/20121010213506/http://www.nga.gov/cgi-bin/tsearch?artistid=4307
"Harvey, James V.",https://web.archive.org/web/20121010213506/http://www.nga.gov/cgi-bin/tsearch?artistid=33532
"Haseltine, James Lewis",https://web.archive.org/web/20121010213506/http://www.nga.gov/cgi-bin/tsearch?artistid=35090
"Haseltine, William Stanley",https://web.archive.org/web/20121010213309/http://www.nga.gov/cgi-bin/tsearch?artistid=1377
"Hasemann, Arminius",https://web.archive.org/web/20121010213309/http://www.nga.gov/cgi-bin/tsearch?artistid=24789
"Hashagen, A.",https://web.archive.org/web/20121010213309/http://www.nga.gov/cgi-bin/tsearch?artistid=1378
"Hashey, Jan",https://web.archive.org/web/20121010213309/http://www.nga.gov/cgi-bin/tsearch?artistid=23746
"Hashimoto, Okiie",https://web.archive.org/web/20121010213309/http://www.nga.gov/cgi-bin/tsearch?artistid=4308
"Haskell, Ernest",https://web.archive.org/web/20121010213309/http://www.nga.gov/cgi-bin/tsearch?artistid=4309
"Hasková, Eva",https://web.archive.org/web/20121010213309/http://www.nga.gov/cgi-bin/tsearch?artistid=24853
"Hasler, Bernhard",https://web.archive.org/web/20121010213309/http://www.nga.gov/cgi-bin/tsearch?artistid=4310
"Hassam, Childe",https://web.archive.org/web/20121010213309/http://www.nga.gov/cgi-bin/tsearch?artistid=1379
"Hassam, Frederick Childe",https://web.archive.org/web/20121010213309/http://www.nga.gov/cgi-bin/tsearch?artistid=1379
"Hassebrock, Fred",https://web.archive.org/web/20121010213309/http://www.nga.gov/cgi-bin/tsearch?artistid=7628
"Hassel, Werner",https://web.archive.org/web/20121010213309/http://www.nga.gov/cgi-bin/tsearch?artistid=25818
"Hassell, John",https://web.archive.org/web/20121010213309/http://www.nga.gov/cgi-bin/tsearch?artistid=4311
"Hassells, Werner",https://web.archive.org/web/20121010213309/http://www.nga.gov/cgi-bin/tsearch?artistid=25818
"Hastings, C.H.",https://web.archive.org/web/20121010213309/http://www.nga.gov/cgi-bin/tsearch?artistid=7629
"Hastings, Florence",https://web.archive.org/web/20121010213309/http://www.nga.gov/cgi-bin/tsearch?artistid=7630
"Hastings, Katherine",https://web.archive.org/web/20121010213309/http://www.nga.gov/cgi-bin/tsearch?artistid=7631
"Hatch, Edbury",https://web.archive.org/web/20121010213309/http://www.nga.gov/cgi-bin/tsearch?artistid=7632
"Hatchett, Dwayne W.",https://web.archive.org/web/20121010213309/http://www.nga.gov/cgi-bin/tsearch?artistid=33533
"Haubenstricker, Paul",https://web.archive.org/web/20121010213309/http://www.nga.gov/cgi-bin/tsearch?artistid=36249
"Haughton II, Moses",https://web.archive.org/web/20121010213309/http://www.nga.gov/cgi-bin/tsearch?artistid=4312
"Haugland, Augustine",https://web.archive.org/web/20121010213309/http://www.nga.gov/cgi-bin/tsearch?artistid=7633
"Haupers, Clement Bernard",https://web.archive.org/web/20121010213309/http://www.nga.gov/cgi-bin/tsearch?artistid=33534
"Haupt, Dolores",https://web.archive.org/web/20121010213309/http://www.nga.gov/cgi-bin/tsearch?artistid=7634
"Hausmann, Raoul",https://web.archive.org/web/20121010213309/http://www.nga.gov/cgi-bin/tsearch?artistid=16940
"Hautsch, Georg",https://web.archive.org/web/20121010213309/http://www.nga.gov/cgi-bin/tsearch?artistid=21705
"Havell, Frederick James",https://web.archive.org/web/20121010213309/http://www.nga.gov/cgi-bin/tsearch?artistid=4315
"Havell, George",https://web.archive.org/web/20121010213309/http://www.nga.gov/cgi-bin/tsearch?artistid=4316
"Havell, Robert",https://web.archive.org/web/20121010213309/http://www.nga.gov/cgi-bin/tsearch?artistid=5849
"Havell, William",https://web.archive.org/web/20121010213356/http://www.nga.gov/cgi-bin/tsearch?artistid=4317
"Havens, James Dexter",https://web.archive.org/web/20121010213356/http://www.nga.gov/cgi-bin/tsearch?artistid=4318
"Havens, Leonard M.",https://web.archive.org/web/20121010213356/http://www.nga.gov/cgi-bin/tsearch?artistid=33535
"Haviland, Paul Burty",https://web.archive.org/web/20121010213356/http://www.nga.gov/cgi-bin/tsearch?artistid=32835
"Havlícková, Daniela",https://web.archive.org/web/20121010213356/http://www.nga.gov/cgi-bin/tsearch?artistid=24859
"Hawes, Josiah Johnson",https://web.archive.org/web/20121010213356/http://www.nga.gov/cgi-bin/tsearch?artistid=23608
"Hawkins, Basil",https://web.archive.org/web/20121010213356/http://www.nga.gov/cgi-bin/tsearch?artistid=33536
"Hawksmoor, Nicholas",https://web.archive.org/web/20121010213356/http://www.nga.gov/cgi-bin/tsearch?artistid=20573
"Hay, Alex",https://web.archive.org/web/20121010213356/http://www.nga.gov/cgi-bin/tsearch?artistid=4319
"Hay, Dorothy",https://web.archive.org/web/20121010213356/http://www.nga.gov/cgi-bin/tsearch?artistid=7636
"Haydon, Benjamin Robert",https://web.archive.org/web/20121010213356/http://www.nga.gov/cgi-bin/tsearch?artistid=9839
"Haydon, Harold",https://web.archive.org/web/20121010213356/http://www.nga.gov/cgi-bin/tsearch?artistid=33537
"Hayek, Pavel",https://web.archive.org/web/20121010213356/http://www.nga.gov/cgi-bin/tsearch?artistid=24935
"Hayes, George A.",https://web.archive.org/web/20121010213356/http://www.nga.gov/cgi-bin/tsearch?artistid=1380
"Hayes, George H.",https://web.archive.org/web/20121010213356/http://www.nga.gov/cgi-bin/tsearch?artistid=6462
"Hayes, Marvin",https://web.archive.org/web/20121010213356/http://www.nga.gov/cgi-bin/tsearch?artistid=4320
"Hayley, William",https://web.archive.org/web/20121010213356/http://www.nga.gov/cgi-bin/tsearch?artistid=7103
"Haynes, F. Jay",https://web.archive.org/web/20121010213356/http://www.nga.gov/cgi-bin/tsearch?artistid=16470
"Haynes, Frank Jay",https://web.archive.org/web/20121010213356/http://www.nga.gov/cgi-bin/tsearch?artistid=16470
"Haynes, Nancy",https://web.archive.org/web/20121010213356/http://www.nga.gov/cgi-bin/tsearch?artistid=6841
"Hays, May",https://web.archive.org/web/20121010213356/http://www.nga.gov/cgi-bin/tsearch?artistid=7637
"Hayter, George, Sir",https://web.archive.org/web/20121010213356/http://www.nga.gov/cgi-bin/tsearch?artistid=9840
"Hayter, Helen Phillips",https://web.archive.org/web/20121010213356/http://www.nga.gov/cgi-bin/tsearch?artistid=5214
"Hayter, John",https://web.archive.org/web/20121010213356/http://www.nga.gov/cgi-bin/tsearch?artistid=9841
"Hayter, Stanley William",https://web.archive.org/web/20121010213356/http://www.nga.gov/cgi-bin/tsearch?artistid=2561
"Haytley, Edward",https://web.archive.org/web/20121010213356/http://www.nga.gov/cgi-bin/tsearch?artistid=26173
"Hazen, Willard",https://web.archive.org/web/20121010213356/http://www.nga.gov/cgi-bin/tsearch?artistid=7638
"Hazlitt, Don",https://web.archive.org/web/20121010213356/http://www.nga.gov/cgi-bin/tsearch?artistid=20445
"Heade, Martin Johnson",https://web.archive.org/web/20121010213356/http://www.nga.gov/cgi-bin/tsearch?artistid=1381
"Healy, George Peter Alexander",https://web.archive.org/web/20121010213247/http://www.nga.gov/cgi-bin/tsearch?artistid=1382
"Heard, Thomas H.",https://web.archive.org/web/20121010213247/http://www.nga.gov/cgi-bin/tsearch?artistid=6429
"Hearne, Thomas",https://web.archive.org/web/20121010213247/http://www.nga.gov/cgi-bin/tsearch?artistid=4321
"Heartfield, John",https://web.archive.org/web/20121010213247/http://www.nga.gov/cgi-bin/tsearch?artistid=26970
"Heaslip, William",https://web.archive.org/web/20121010213247/http://www.nga.gov/cgi-bin/tsearch?artistid=33538
"Heath, Charles",https://web.archive.org/web/20121010213247/http://www.nga.gov/cgi-bin/tsearch?artistid=4322
"Heath, Dave",https://web.archive.org/web/20121010213247/http://www.nga.gov/cgi-bin/tsearch?artistid=24658
"Heath, Henrietta Hoopes",https://web.archive.org/web/20121010213247/http://www.nga.gov/cgi-bin/tsearch?artistid=5564
"Heath, James",https://web.archive.org/web/20121010213247/http://www.nga.gov/cgi-bin/tsearch?artistid=4323
"Heavener, Dorothy",https://web.archive.org/web/20121010213247/http://www.nga.gov/cgi-bin/tsearch?artistid=34236
"Hebborn, Eric",https://web.archive.org/web/20121010213247/http://www.nga.gov/cgi-bin/tsearch?artistid=32731
"Hébert, Antoine Auguste Ernest",https://web.archive.org/web/20121010213247/http://www.nga.gov/cgi-bin/tsearch?artistid=6402
"Hebert, Ernest",https://web.archive.org/web/20121010213247/http://www.nga.gov/cgi-bin/tsearch?artistid=6402
"Hebert, Marian Frances",https://web.archive.org/web/20121010213247/http://www.nga.gov/cgi-bin/tsearch?artistid=33539
"Hébert, Pierre-Eugène-Emile",https://web.archive.org/web/20121010213247/http://www.nga.gov/cgi-bin/tsearch?artistid=6446
"Hechenbleikner, Louis",https://web.archive.org/web/20121010213247/http://www.nga.gov/cgi-bin/tsearch?artistid=33540
"Hecht, Franz",https://web.archive.org/web/20121010213247/http://www.nga.gov/cgi-bin/tsearch?artistid=4324
"Hecht, Joseph",https://web.archive.org/web/20121010213247/http://www.nga.gov/cgi-bin/tsearch?artistid=4325
"Hecht, Zoltan",https://web.archive.org/web/20121010213247/http://www.nga.gov/cgi-bin/tsearch?artistid=35053
"Heckel, Erich",https://web.archive.org/web/20121010213247/http://www.nga.gov/cgi-bin/tsearch?artistid=2562
"Heckenbleikner, Louis",https://web.archive.org/web/20121010213247/http://www.nga.gov/cgi-bin/tsearch?artistid=4326
"Heckman, Albert William",https://web.archive.org/web/20121010213247/http://www.nga.gov/cgi-bin/tsearch?artistid=33541
"Heda, Gerret Willemsz",https://web.archive.org/web/20121010213247/http://www.nga.gov/cgi-bin/tsearch?artistid=5932
"Heda, Gerrit Willemsz",https://web.archive.org/web/20121010213247/http://www.nga.gov/cgi-bin/tsearch?artistid=5932
"Heda, Willem Claesz",https://web.archive.org/web/20121010213247/http://www.nga.gov/cgi-bin/tsearch?artistid=32
"Hedelman, Lynn",https://web.archive.org/web/20121010213247/http://www.nga.gov/cgi-bin/tsearch?artistid=24374
"Hedlinger, Johann Karl",https://web.archive.org/web/20121010213247/http://www.nga.gov/cgi-bin/tsearch?artistid=17246
"Hedouin, Edmond",https://web.archive.org/web/20121010213247/http://www.nga.gov/cgi-bin/tsearch?artistid=6796
"Heem, Jan Davidsz de",https://web.archive.org/web/20121010213247/http://www.nga.gov/cgi-bin/tsearch?artistid=1383
"Heemskerck, Egbert van",https://web.archive.org/web/20121010213501/http://www.nga.gov/cgi-bin/tsearch?artistid=26383
"Heemskerck, Maerten van",https://web.archive.org/web/20121010213501/http://www.nga.gov/cgi-bin/tsearch?artistid=2563
"Heerdt, Johann Christian",https://web.archive.org/web/20121010213501/http://www.nga.gov/cgi-bin/tsearch?artistid=24384
"Heiberg, Einar",https://web.archive.org/web/20121010213501/http://www.nga.gov/cgi-bin/tsearch?artistid=7639
"Heidbrinck, Oswald",https://web.archive.org/web/20121010213501/http://www.nga.gov/cgi-bin/tsearch?artistid=19367
"Heil, Ed. ?",https://web.archive.org/web/20121010213501/http://www.nga.gov/cgi-bin/tsearch?artistid=4327
"Heilmann, Jean-Gaspard",https://web.archive.org/web/20121010213501/http://www.nga.gov/cgi-bin/tsearch?artistid=4328
"Heilmann, Johann Kaspar",https://web.archive.org/web/20121010213501/http://www.nga.gov/cgi-bin/tsearch?artistid=4328
"Heilmann, Mary",https://web.archive.org/web/20121010213501/http://www.nga.gov/cgi-bin/tsearch?artistid=26322
"Heindorff, Michael",https://web.archive.org/web/20121010213501/http://www.nga.gov/cgi-bin/tsearch?artistid=6044
"Heine, Heinrich",https://web.archive.org/web/20121010213501/http://www.nga.gov/cgi-bin/tsearch?artistid=23678
"Heine, Wilhelm Joseph",https://web.archive.org/web/20121010213501/http://www.nga.gov/cgi-bin/tsearch?artistid=34817
"Heinecken, Robert",https://web.archive.org/web/20121010213501/http://www.nga.gov/cgi-bin/tsearch?artistid=24659
"Heinemann, Gunther",https://web.archive.org/web/20121010213501/http://www.nga.gov/cgi-bin/tsearch?artistid=4329
"Heins, D.",https://web.archive.org/web/20121010213501/http://www.nga.gov/cgi-bin/tsearch?artistid=5689
"Heins, John P.",https://web.archive.org/web/20121010213501/http://www.nga.gov/cgi-bin/tsearch?artistid=33542
"Heinsius, D.",https://web.archive.org/web/20121010213501/http://www.nga.gov/cgi-bin/tsearch?artistid=6370
"Heinsius, Jean-Jules",https://web.archive.org/web/20121010213501/http://www.nga.gov/cgi-bin/tsearch?artistid=4330
"Heinsius, Johann Ernst",https://web.archive.org/web/20121010213501/http://www.nga.gov/cgi-bin/tsearch?artistid=4330
"Heintz, Joseph the Elder",https://web.archive.org/web/20121010213501/http://www.nga.gov/cgi-bin/tsearch?artistid=5614
"Heintz I, Josef",https://web.archive.org/web/20121010213501/http://www.nga.gov/cgi-bin/tsearch?artistid=5614
"Heintz the Elder, Joseph",https://web.archive.org/web/20121010213501/http://www.nga.gov/cgi-bin/tsearch?artistid=5614
"Heintzelman, Arthur William",https://web.archive.org/web/20121010213501/http://www.nga.gov/cgi-bin/tsearch?artistid=2564
"Heinz, Joseph",https://web.archive.org/web/20121010213501/http://www.nga.gov/cgi-bin/tsearch?artistid=5614
"Heinzmann, Carl",https://web.archive.org/web/20121010213501/http://www.nga.gov/cgi-bin/tsearch?artistid=31159
"Heise, Wilhelm",https://web.archive.org/web/20121010213501/http://www.nga.gov/cgi-bin/tsearch?artistid=5647
"Heiss, Elias Christoph",https://web.archive.org/web/20121010213501/http://www.nga.gov/cgi-bin/tsearch?artistid=31250
"Heizer, Michael",https://web.archive.org/web/20121010213501/http://www.nga.gov/cgi-bin/tsearch?artistid=4331
"Hejnowicz, Jerzy",https://web.archive.org/web/20121010213501/http://www.nga.gov/cgi-bin/tsearch?artistid=23973
"Helbig, Walter",https://web.archive.org/web/20121010213341/http://www.nga.gov/cgi-bin/tsearch?artistid=26438
"Helck, Clarence Peter",https://web.archive.org/web/20121010213341/http://www.nga.gov/cgi-bin/tsearch?artistid=33543
"Held, Al",https://web.archive.org/web/20121010213341/http://www.nga.gov/cgi-bin/tsearch?artistid=6902
"Held, John Jr.",https://web.archive.org/web/20121010213341/http://www.nga.gov/cgi-bin/tsearch?artistid=33545
"Held, Philip",https://web.archive.org/web/20121010213341/http://www.nga.gov/cgi-bin/tsearch?artistid=33544
"Helder, Zama Vanessa",https://web.archive.org/web/20121010213341/http://www.nga.gov/cgi-bin/tsearch?artistid=33546
"Heldner, Knute",https://web.archive.org/web/20121010213341/http://www.nga.gov/cgi-bin/tsearch?artistid=33547
"Helfensteller, Veronica",https://web.archive.org/web/20121010213341/http://www.nga.gov/cgi-bin/tsearch?artistid=33548
"Helfond, Riva",https://web.archive.org/web/20121010213341/http://www.nga.gov/cgi-bin/tsearch?artistid=33549
"Heliker, John",https://web.archive.org/web/20121010213341/http://www.nga.gov/cgi-bin/tsearch?artistid=5740
Hellenistic 2nd Century B.C./1st Century A.D.,https://web.archive.org/web/20121010213341/http://www.nga.gov/cgi-bin/tsearch?artistid=6697
"Heller, Helen West",https://web.archive.org/web/20121010213341/http://www.nga.gov/cgi-bin/tsearch?artistid=25873
"Helleu, Paul-César",https://web.archive.org/web/20121010213341/http://www.nga.gov/cgi-bin/tsearch?artistid=4332
"Helman, Isidore-Stanislas",https://web.archive.org/web/20121010213341/http://www.nga.gov/cgi-bin/tsearch?artistid=4333
"Helmbrecker, Theodor",https://web.archive.org/web/20121010213341/http://www.nga.gov/cgi-bin/tsearch?artistid=2565
"Helmbreker, Dirk",https://web.archive.org/web/20121010213341/http://www.nga.gov/cgi-bin/tsearch?artistid=2565
"Helmont, Zeger Jacob van",https://web.archive.org/web/20121010213341/http://www.nga.gov/cgi-bin/tsearch?artistid=35282
"Helst, Lodewyk van der",https://web.archive.org/web/20121010213341/http://www.nga.gov/cgi-bin/tsearch?artistid=5942
"Hémery, Louise Rosalie",https://web.archive.org/web/20121010213341/http://www.nga.gov/cgi-bin/tsearch?artistid=31570
"Hemery, Marguerite",https://web.archive.org/web/20121010213341/http://www.nga.gov/cgi-bin/tsearch?artistid=6621
"Hemmerich, Cornelius H.",https://web.archive.org/web/20121010213341/http://www.nga.gov/cgi-bin/tsearch?artistid=22323
"Henderer, Regina",https://web.archive.org/web/20121010213341/http://www.nga.gov/cgi-bin/tsearch?artistid=7640
"Henderson, Edward",https://web.archive.org/web/20121010213341/http://www.nga.gov/cgi-bin/tsearch?artistid=15044
"Henderson, Leslie",https://web.archive.org/web/20121010213341/http://www.nga.gov/cgi-bin/tsearch?artistid=33550
"Henderson, Stuart",https://web.archive.org/web/20121010213341/http://www.nga.gov/cgi-bin/tsearch?artistid=14924
"Hendricks, Barkley Leonnard",https://web.archive.org/web/20121010213341/http://www.nga.gov/cgi-bin/tsearch?artistid=1385
"Hendricks, Jon",https://web.archive.org/web/20121010213341/http://www.nga.gov/cgi-bin/tsearch?artistid=35084
"Hendrickson, Daniel",https://web.archive.org/web/20121010213341/http://www.nga.gov/cgi-bin/tsearch?artistid=6393
"Henne, Eberhard Siegfried",https://web.archive.org/web/20121010213341/http://www.nga.gov/cgi-bin/tsearch?artistid=4334
"Henneman, Nicolaas",https://web.archive.org/web/20121010213431/http://www.nga.gov/cgi-bin/tsearch?artistid=13360
"Hennequin, Philippe-Auguste",https://web.archive.org/web/20121010213431/http://www.nga.gov/cgi-bin/tsearch?artistid=34405
"Henner, Jean-Jacques",https://web.archive.org/web/20121010213431/http://www.nga.gov/cgi-bin/tsearch?artistid=1390
"Hennessey, Robert",https://web.archive.org/web/20121010213431/http://www.nga.gov/cgi-bin/tsearch?artistid=12390
"Henning, Charles",https://web.archive.org/web/20121010213431/http://www.nga.gov/cgi-bin/tsearch?artistid=7642
"Henning, Ronni",https://web.archive.org/web/20121010213431/http://www.nga.gov/cgi-bin/tsearch?artistid=23632
"Henri, Florence",https://web.archive.org/web/20121010213431/http://www.nga.gov/cgi-bin/tsearch?artistid=16471
"Henri, Robert",https://web.archive.org/web/20121010213431/http://www.nga.gov/cgi-bin/tsearch?artistid=1391
"Henrich, Jean V. MacKay",https://web.archive.org/web/20121010213431/http://www.nga.gov/cgi-bin/tsearch?artistid=33551
"Henriet, Israel",https://web.archive.org/web/20121010213431/http://www.nga.gov/cgi-bin/tsearch?artistid=4335
"Henriquel, Louis-Pierre",https://web.archive.org/web/20121010213431/http://www.nga.gov/cgi-bin/tsearch?artistid=4336
"Henriquel-Dupont, Louis-Pierre",https://web.archive.org/web/20121010213431/http://www.nga.gov/cgi-bin/tsearch?artistid=4336
"Henry, Jeronyme",https://web.archive.org/web/20121010213431/http://www.nga.gov/cgi-bin/tsearch?artistid=2191
"Hensel, Salome",https://web.archive.org/web/20121010213431/http://www.nga.gov/cgi-bin/tsearch?artistid=1392
"Hentschel, Carl",https://web.archive.org/web/20121010213431/http://www.nga.gov/cgi-bin/tsearch?artistid=31601
"Hentschel, William Ernest",https://web.archive.org/web/20121010213431/http://www.nga.gov/cgi-bin/tsearch?artistid=33552
"Hentz, Karl J.",https://web.archive.org/web/20121010213431/http://www.nga.gov/cgi-bin/tsearch?artistid=7643
"Hepplewhite, Alice",https://web.archive.org/web/20121010213431/http://www.nga.gov/cgi-bin/tsearch?artistid=11538
"Hérard, Gérard Léonard",https://web.archive.org/web/20121010213431/http://www.nga.gov/cgi-bin/tsearch?artistid=32827
"Herbert, William",https://web.archive.org/web/20121010213431/http://www.nga.gov/cgi-bin/tsearch?artistid=7644
Herblock,https://web.archive.org/web/20121010213431/http://www.nga.gov/cgi-bin/tsearch?artistid=2383
"Herckmans, Elias",https://web.archive.org/web/20121010213431/http://www.nga.gov/cgi-bin/tsearch?artistid=6843
"Héré, Emmanuel",https://web.archive.org/web/20121010213431/http://www.nga.gov/cgi-bin/tsearch?artistid=11468
"Hereau, Jules",https://web.archive.org/web/20121010213431/http://www.nga.gov/cgi-bin/tsearch?artistid=4338
"Hergesheimer, Ella Sophonisba",https://web.archive.org/web/20121010213431/http://www.nga.gov/cgi-bin/tsearch?artistid=34452
"Hering, Harry",https://web.archive.org/web/20121010213431/http://www.nga.gov/cgi-bin/tsearch?artistid=33553
"Herisset, Antoine",https://web.archive.org/web/20121010213431/http://www.nga.gov/cgi-bin/tsearch?artistid=4339
"Herkomer, Hubert von",https://web.archive.org/web/20121010213431/http://www.nga.gov/cgi-bin/tsearch?artistid=16620
"Herkomer, Hubert von Sir",https://web.archive.org/web/20121010213431/http://www.nga.gov/cgi-bin/tsearch?artistid=16620
"Herman, Andrew",https://web.archive.org/web/20121010213448/http://www.nga.gov/cgi-bin/tsearch?artistid=7645
"Herman, Roger",https://web.archive.org/web/20121010213448/http://www.nga.gov/cgi-bin/tsearch?artistid=28718
Herman d'Italie,https://web.archive.org/web/20121010213448/http://www.nga.gov/cgi-bin/tsearch?artistid=2769
Hermann-Paul,https://web.archive.org/web/20121010213448/http://www.nga.gov/cgi-bin/tsearch?artistid=17817
"Herold, Alphonse",https://web.archive.org/web/20121010213448/http://www.nga.gov/cgi-bin/tsearch?artistid=30122
"Herold, André Ferdinand",https://web.archive.org/web/20121010213448/http://www.nga.gov/cgi-bin/tsearch?artistid=30124
"Herold, Jacques",https://web.archive.org/web/20121010213448/http://www.nga.gov/cgi-bin/tsearch?artistid=4340
"Herrand, Kenneth",https://web.archive.org/web/20121010213448/http://www.nga.gov/cgi-bin/tsearch?artistid=25789
"Herrera II, Francisco",https://web.archive.org/web/20121010213448/http://www.nga.gov/cgi-bin/tsearch?artistid=12110
"Herrett, Emery",https://web.archive.org/web/20121010213448/http://www.nga.gov/cgi-bin/tsearch?artistid=7646
"Herrick, Marion E.",https://web.archive.org/web/20121010213448/http://www.nga.gov/cgi-bin/tsearch?artistid=7647
"Herring, John Frederick the Younger",https://web.archive.org/web/20121010213448/http://www.nga.gov/cgi-bin/tsearch?artistid=6683
"Herring the Younger, John Frederick",https://web.archive.org/web/20121010213448/http://www.nga.gov/cgi-bin/tsearch?artistid=6683
"Herron, Edwin",https://web.archive.org/web/20121010213448/http://www.nga.gov/cgi-bin/tsearch?artistid=33554
"Herscovitz, Marcia",https://web.archive.org/web/20121010213448/http://www.nga.gov/cgi-bin/tsearch?artistid=10415
"Hershey, Nona",https://web.archive.org/web/20121010213448/http://www.nga.gov/cgi-bin/tsearch?artistid=6499
"Hertel, Johann Georg",https://web.archive.org/web/20121010213448/http://www.nga.gov/cgi-bin/tsearch?artistid=22033
"Hertochs, A.",https://web.archive.org/web/20121010213448/http://www.nga.gov/cgi-bin/tsearch?artistid=6234
"Hervier, Adolphe",https://web.archive.org/web/20121010213448/http://www.nga.gov/cgi-bin/tsearch?artistid=26057
"Hervier, Louis Adolphe",https://web.archive.org/web/20121010213448/http://www.nga.gov/cgi-bin/tsearch?artistid=26057
"Hervieu, Louise",https://web.archive.org/web/20121010213448/http://www.nga.gov/cgi-bin/tsearch?artistid=7119
"Herwijck, Steven Cornelisz van",https://web.archive.org/web/20121010213448/http://www.nga.gov/cgi-bin/tsearch?artistid=2131
"Herwijck, Steven van",https://web.archive.org/web/20121010213448/http://www.nga.gov/cgi-bin/tsearch?artistid=2131
"Herz, Johann Daniel the Elder",https://web.archive.org/web/20121010213448/http://www.nga.gov/cgi-bin/tsearch?artistid=6643
"Herz the Elder, Johann Daniel",https://web.archive.org/web/20121010213448/http://www.nga.gov/cgi-bin/tsearch?artistid=6643
Hesiod,https://web.archive.org/web/20121010213448/http://www.nga.gov/cgi-bin/tsearch?artistid=7012
"Hess, Ludwig",https://web.archive.org/web/20121010213448/http://www.nga.gov/cgi-bin/tsearch?artistid=32833
"Hess, Peter von",https://web.archive.org/web/20121010213448/http://www.nga.gov/cgi-bin/tsearch?artistid=21967
"Hess, Stanley",https://web.archive.org/web/20121010213448/http://www.nga.gov/cgi-bin/tsearch?artistid=33555
"Hesse, Eva",https://web.archive.org/web/20121010213525/http://www.nga.gov/cgi-bin/tsearch?artistid=10136
"Hesse, Henry Melton",https://web.archive.org/web/20121010213525/http://www.nga.gov/cgi-bin/tsearch?artistid=33556
"Hesse, Hermann",https://web.archive.org/web/20121010213525/http://www.nga.gov/cgi-bin/tsearch?artistid=7093
"Hetzel, Pierre-Jules",https://web.archive.org/web/20121010213525/http://www.nga.gov/cgi-bin/tsearch?artistid=7136
"Heuser, Heinrich",https://web.archive.org/web/20121010213525/http://www.nga.gov/cgi-bin/tsearch?artistid=4341
"Hevesy, Ivan",https://web.archive.org/web/20121010213525/http://www.nga.gov/cgi-bin/tsearch?artistid=28101
"Hewit, Mabel Ameila",https://web.archive.org/web/20121010213525/http://www.nga.gov/cgi-bin/tsearch?artistid=33557
"Hewitt, Edward Shepard",https://web.archive.org/web/20121010213525/http://www.nga.gov/cgi-bin/tsearch?artistid=4342
"Heyboer, Anton",https://web.archive.org/web/20121010213525/http://www.nga.gov/cgi-bin/tsearch?artistid=17368
"Heyden, Jacob van der",https://web.archive.org/web/20121010213525/http://www.nga.gov/cgi-bin/tsearch?artistid=4343
"Heyden, Jan van der",https://web.archive.org/web/20121010213525/http://www.nga.gov/cgi-bin/tsearch?artistid=1395
"Heyden, Jan van der the Younger",https://web.archive.org/web/20121010213525/http://www.nga.gov/cgi-bin/tsearch?artistid=34386
"Heyden, Pieter van der",https://web.archive.org/web/20121010213525/http://www.nga.gov/cgi-bin/tsearch?artistid=4344
"Heymann, H.",https://web.archive.org/web/20121010213525/http://www.nga.gov/cgi-bin/tsearch?artistid=13989
"Hiatt, Helmut",https://web.archive.org/web/20121010213525/http://www.nga.gov/cgi-bin/tsearch?artistid=7648
"Hicken, Philip Burnham",https://web.archive.org/web/20121010213525/http://www.nga.gov/cgi-bin/tsearch?artistid=33558
"Hicks, Edward",https://web.archive.org/web/20121010213525/http://www.nga.gov/cgi-bin/tsearch?artistid=1396
"Hicks, Leon Nathaniel",https://web.archive.org/web/20121010213525/http://www.nga.gov/cgi-bin/tsearch?artistid=34291
"Hicks, William P.",https://web.archive.org/web/20121010213525/http://www.nga.gov/cgi-bin/tsearch?artistid=33559
"Higgins, Dick",https://web.archive.org/web/20121010213525/http://www.nga.gov/cgi-bin/tsearch?artistid=10434
"Higgins, Eugene",https://web.archive.org/web/20121010213525/http://www.nga.gov/cgi-bin/tsearch?artistid=4345
"High, William",https://web.archive.org/web/20121010213525/http://www.nga.gov/cgi-bin/tsearch?artistid=7649
"Highmore, Joseph",https://web.archive.org/web/20121010213525/http://www.nga.gov/cgi-bin/tsearch?artistid=1397
"Highstein, Jene",https://web.archive.org/web/20121010213525/http://www.nga.gov/cgi-bin/tsearch?artistid=22235
"Hightower, Herndon",https://web.archive.org/web/20121010213525/http://www.nga.gov/cgi-bin/tsearch?artistid=7650
"Hilair, Jean Baptiste",https://web.archive.org/web/20121010213525/http://www.nga.gov/cgi-bin/tsearch?artistid=21500
"Hiler, Hilaire",https://web.archive.org/web/20121010213525/http://www.nga.gov/cgi-bin/tsearch?artistid=33560
"Hill, David Octavius",https://web.archive.org/web/20121010213525/http://www.nga.gov/cgi-bin/tsearch?artistid=13362
"Hill, J.H.",https://web.archive.org/web/20121010213525/http://www.nga.gov/cgi-bin/tsearch?artistid=2566
"Hill, John",https://web.archive.org/web/20121010213339/http://www.nga.gov/cgi-bin/tsearch?artistid=4346
"Hill, John Henry",https://web.archive.org/web/20121010213339/http://www.nga.gov/cgi-bin/tsearch?artistid=2566
"Hill, John William",https://web.archive.org/web/20121010213339/http://www.nga.gov/cgi-bin/tsearch?artistid=6487
"Hill, Polly Knipp",https://web.archive.org/web/20121010213339/http://www.nga.gov/cgi-bin/tsearch?artistid=4347
"Hillers, John K.",https://web.archive.org/web/20121010213339/http://www.nga.gov/cgi-bin/tsearch?artistid=20681
"Hilliard, Nicholas",https://web.archive.org/web/20121010213339/http://www.nga.gov/cgi-bin/tsearch?artistid=6317
"Hillier, Tristram",https://web.archive.org/web/20121010213339/http://www.nga.gov/cgi-bin/tsearch?artistid=26168
"Hilling, John",https://web.archive.org/web/20121010213339/http://www.nga.gov/cgi-bin/tsearch?artistid=6595
"Hills, Robert",https://web.archive.org/web/20121010213339/http://www.nga.gov/cgi-bin/tsearch?artistid=4348
"Hillsmith, Fannie",https://web.archive.org/web/20121010213339/http://www.nga.gov/cgi-bin/tsearch?artistid=26058
"Hilton I, William",https://web.archive.org/web/20121010213339/http://www.nga.gov/cgi-bin/tsearch?artistid=6115
"Himmel, Paul",https://web.archive.org/web/20121010213339/http://www.nga.gov/cgi-bin/tsearch?artistid=30208
"Himmelfarb, Samuel",https://web.archive.org/web/20121010213339/http://www.nga.gov/cgi-bin/tsearch?artistid=35757
"Hind, Arthur Mayger",https://web.archive.org/web/20121010213339/http://www.nga.gov/cgi-bin/tsearch?artistid=2567
"Hine, Hank",https://web.archive.org/web/20121010213339/http://www.nga.gov/cgi-bin/tsearch?artistid=27034
"Hine, Lewis",https://web.archive.org/web/20121010213339/http://www.nga.gov/cgi-bin/tsearch?artistid=13547
"Hine, Lewis Wickes",https://web.archive.org/web/20121010213339/http://www.nga.gov/cgi-bin/tsearch?artistid=13547
"Hines, Felrath",https://web.archive.org/web/20121010213339/http://www.nga.gov/cgi-bin/tsearch?artistid=34292
"Hinman, Charles",https://web.archive.org/web/20121010213339/http://www.nga.gov/cgi-bin/tsearch?artistid=6023
"Hiorne, William",https://web.archive.org/web/20121010213339/http://www.nga.gov/cgi-bin/tsearch?artistid=21483
"Hios, Theo",https://web.archive.org/web/20121010213339/http://www.nga.gov/cgi-bin/tsearch?artistid=33561
"Hiquily, Philippe",https://web.archive.org/web/20121010213339/http://www.nga.gov/cgi-bin/tsearch?artistid=4349
"Hirahara, James",https://web.archive.org/web/20121010213339/http://www.nga.gov/cgi-bin/tsearch?artistid=25774
"Hire, Laurent de La",https://web.archive.org/web/20121010213339/http://www.nga.gov/cgi-bin/tsearch?artistid=5599
"Hirémy-Hirschl, Adolf",https://web.archive.org/web/20121010213339/http://www.nga.gov/cgi-bin/tsearch?artistid=27477
Hiroshige,https://web.archive.org/web/20121010213339/http://www.nga.gov/cgi-bin/tsearch?artistid=4350
"Hiroshige, Utagawa",https://web.archive.org/web/20121010213339/http://www.nga.gov/cgi-bin/tsearch?artistid=4350
"Hirsch, Joseph",https://web.archive.org/web/20121010213339/http://www.nga.gov/cgi-bin/tsearch?artistid=33562
"Hirsch, Stefan",https://web.archive.org/web/20121010213339/http://www.nga.gov/cgi-bin/tsearch?artistid=22348
"Hirschfeld, Albert",https://web.archive.org/web/20121010213456/http://www.nga.gov/cgi-bin/tsearch?artistid=33563
"Hirschfeld, Christian Cajus Lorenz",https://web.archive.org/web/20121010213456/http://www.nga.gov/cgi-bin/tsearch?artistid=11614
"Hirschmann, Thomas",https://web.archive.org/web/20121010213456/http://www.nga.gov/cgi-bin/tsearch?artistid=4351
"Hirschvogel, Augustin",https://web.archive.org/web/20121010213456/http://www.nga.gov/cgi-bin/tsearch?artistid=2568
"Hirzel, Hermann",https://web.archive.org/web/20121010213456/http://www.nga.gov/cgi-bin/tsearch?artistid=35472
"Hista, Robert",https://web.archive.org/web/20121010213456/http://www.nga.gov/cgi-bin/tsearch?artistid=17818
"Hitch, Stewart",https://web.archive.org/web/20121010213456/http://www.nga.gov/cgi-bin/tsearch?artistid=20444
"Hitzler, Franz",https://web.archive.org/web/20121010213456/http://www.nga.gov/cgi-bin/tsearch?artistid=9745
"Hlavácek, Josef",https://web.archive.org/web/20121010213456/http://www.nga.gov/cgi-bin/tsearch?artistid=24903
"Hlito, Alfredo",https://web.archive.org/web/20121010213456/http://www.nga.gov/cgi-bin/tsearch?artistid=6582
"Hoare, William",https://web.archive.org/web/20121010213456/http://www.nga.gov/cgi-bin/tsearch?artistid=9843
"Hobart, Helen",https://web.archive.org/web/20121010213456/http://www.nga.gov/cgi-bin/tsearch?artistid=7651
"Hobbema, Meindert",https://web.archive.org/web/20121010213456/http://www.nga.gov/cgi-bin/tsearch?artistid=1398
"Hobbs, Christopher",https://web.archive.org/web/20121010213456/http://www.nga.gov/cgi-bin/tsearch?artistid=7652
"Hobbs, Leota G.",https://web.archive.org/web/20121010213456/http://www.nga.gov/cgi-bin/tsearch?artistid=34658
"Hobbs, Morris Henry",https://web.archive.org/web/20121010213456/http://www.nga.gov/cgi-bin/tsearch?artistid=33564
"Hobby, Carl",https://web.archive.org/web/20121010213456/http://www.nga.gov/cgi-bin/tsearch?artistid=7653
"Höch, Hannah",https://web.archive.org/web/20121010213456/http://www.nga.gov/cgi-bin/tsearch?artistid=12462
"Hochstrasser, Walter",https://web.archive.org/web/20121010213456/http://www.nga.gov/cgi-bin/tsearch?artistid=7654
"Hocius, Francis",https://web.archive.org/web/20121010213456/http://www.nga.gov/cgi-bin/tsearch?artistid=6373
"Hockney, David",https://web.archive.org/web/20121010213456/http://www.nga.gov/cgi-bin/tsearch?artistid=4353
"Hodgetts, Thomas",https://web.archive.org/web/20121010213456/http://www.nga.gov/cgi-bin/tsearch?artistid=4355
"Hodgins, Robert",https://web.archive.org/web/20121010213456/http://www.nga.gov/cgi-bin/tsearch?artistid=28746
"Hodgkin, Howard",https://web.archive.org/web/20121010213456/http://www.nga.gov/cgi-bin/tsearch?artistid=6045
"Hodick, Angelo",https://web.archive.org/web/20121010213456/http://www.nga.gov/cgi-bin/tsearch?artistid=4356
"Hodler, Ferdinand",https://web.archive.org/web/20121010213456/http://www.nga.gov/cgi-bin/tsearch?artistid=4357
"Hodonsky, Frantisek",https://web.archive.org/web/20121010213456/http://www.nga.gov/cgi-bin/tsearch?artistid=24912
"Hoeckner, Carl",https://web.archive.org/web/20121010213456/http://www.nga.gov/cgi-bin/tsearch?artistid=33565
"Hoefnagel, Jacob",https://web.archive.org/web/20121010213456/http://www.nga.gov/cgi-bin/tsearch?artistid=6508
"Hoefnagel, Joris",https://web.archive.org/web/20121010213434/http://www.nga.gov/cgi-bin/tsearch?artistid=2569
"Hoehme, Gerhard",https://web.archive.org/web/20121010213434/http://www.nga.gov/cgi-bin/tsearch?artistid=30022
"Hoehn, Harry",https://web.archive.org/web/20121010213434/http://www.nga.gov/cgi-bin/tsearch?artistid=4358
"Hoelscher, Richard",https://web.archive.org/web/20121010213434/http://www.nga.gov/cgi-bin/tsearch?artistid=4352
"Hoepffner, Marta",https://web.archive.org/web/20121010213434/http://www.nga.gov/cgi-bin/tsearch?artistid=23606
"Hoerle, Heinrich",https://web.archive.org/web/20121010213434/http://www.nga.gov/cgi-bin/tsearch?artistid=27640
"Hofer, Andreas",https://web.archive.org/web/20121010213434/http://www.nga.gov/cgi-bin/tsearch?artistid=34533
"Hofer, Carl",https://web.archive.org/web/20121010213434/http://www.nga.gov/cgi-bin/tsearch?artistid=4359
"Hofer, Karl",https://web.archive.org/web/20121010213434/http://www.nga.gov/cgi-bin/tsearch?artistid=4359
"Hoff, Margo",https://web.archive.org/web/20121010213434/http://www.nga.gov/cgi-bin/tsearch?artistid=4360
"Hoff Bostick, Margot",https://web.archive.org/web/20121010213434/http://www.nga.gov/cgi-bin/tsearch?artistid=33566
"Hoffbauer, Charles",https://web.archive.org/web/20121010213434/http://www.nga.gov/cgi-bin/tsearch?artistid=9663
"Hoffbauer, Feodor",https://web.archive.org/web/20121010213434/http://www.nga.gov/cgi-bin/tsearch?artistid=11469
"Hoffenreich, Ludwig",https://web.archive.org/web/20121010213434/http://www.nga.gov/cgi-bin/tsearch?artistid=32999
"Hoffman, Ben",https://web.archive.org/web/20121010213434/http://www.nga.gov/cgi-bin/tsearch?artistid=34328
"Hoffman, Irwin David",https://web.archive.org/web/20121010213434/http://www.nga.gov/cgi-bin/tsearch?artistid=33567
"Hoffman, Seth",https://web.archive.org/web/20121010213434/http://www.nga.gov/cgi-bin/tsearch?artistid=33568
"Hoffman, Shane",https://web.archive.org/web/20121010213434/http://www.nga.gov/cgi-bin/tsearch?artistid=23517
"Hoffman, William",https://web.archive.org/web/20121010213434/http://www.nga.gov/cgi-bin/tsearch?artistid=7656
"Hoffmann, Hans",https://web.archive.org/web/20121010213434/http://www.nga.gov/cgi-bin/tsearch?artistid=6945
"Hoffmann, Josef",https://web.archive.org/web/20121010213434/http://www.nga.gov/cgi-bin/tsearch?artistid=2570
"Hoffmann, Josef Franz Maria",https://web.archive.org/web/20121010213434/http://www.nga.gov/cgi-bin/tsearch?artistid=2570
"Hoffmann, Wolf",https://web.archive.org/web/20121010213434/http://www.nga.gov/cgi-bin/tsearch?artistid=4361
"Hofmann, Charles C.",https://web.archive.org/web/20121010213434/http://www.nga.gov/cgi-bin/tsearch?artistid=1399
"Hofmann, Hans",https://web.archive.org/web/20121010213434/http://www.nga.gov/cgi-bin/tsearch?artistid=2571
"Hofmann, Jakob",https://web.archive.org/web/20121010213434/http://www.nga.gov/cgi-bin/tsearch?artistid=2132
"Hofmann, Ludwig von",https://web.archive.org/web/20121010213434/http://www.nga.gov/cgi-bin/tsearch?artistid=4362
"Hofmann, Melita",https://web.archive.org/web/20121010213434/http://www.nga.gov/cgi-bin/tsearch?artistid=7655
"Hogarth, William",https://web.archive.org/web/20121010213434/http://www.nga.gov/cgi-bin/tsearch?artistid=4363
"Hogenberg, Franz",https://web.archive.org/web/20121010213409/http://www.nga.gov/cgi-bin/tsearch?artistid=6242
"Hogenberg, Nikolaus",https://web.archive.org/web/20121010213409/http://www.nga.gov/cgi-bin/tsearch?artistid=4364
"Höger, Josef",https://web.archive.org/web/20121010213409/http://www.nga.gov/cgi-bin/tsearch?artistid=24058
"Hogue, Alexandre",https://web.archive.org/web/20121010213409/http://www.nga.gov/cgi-bin/tsearch?artistid=33569
"Hoin, Claude",https://web.archive.org/web/20121010213409/http://www.nga.gov/cgi-bin/tsearch?artistid=4365
"Hoin, Claude-Jean-Baptiste",https://web.archive.org/web/20121010213409/http://www.nga.gov/cgi-bin/tsearch?artistid=4365
"Hol, Ae.",https://web.archive.org/web/20121010213409/http://www.nga.gov/cgi-bin/tsearch?artistid=6374
"Holbein, Hans the Elder",https://web.archive.org/web/20121010213409/http://www.nga.gov/cgi-bin/tsearch?artistid=6062
"Holbein, Hans the Younger",https://web.archive.org/web/20121010213409/http://www.nga.gov/cgi-bin/tsearch?artistid=1400
"Holbein the Elder, Hans",https://web.archive.org/web/20121010213409/http://www.nga.gov/cgi-bin/tsearch?artistid=6062
"Holbein the Younger, Hans",https://web.archive.org/web/20121010213409/http://www.nga.gov/cgi-bin/tsearch?artistid=1400
"Holbrook, Vivian Nicholas",https://web.archive.org/web/20121010213409/http://www.nga.gov/cgi-bin/tsearch?artistid=35089
"Holden, Donald",https://web.archive.org/web/20121010213409/http://www.nga.gov/cgi-bin/tsearch?artistid=14435
"Holden, Ray",https://web.archive.org/web/20121010213409/http://www.nga.gov/cgi-bin/tsearch?artistid=7657
"Holden, Samuel",https://web.archive.org/web/20121010213409/http://www.nga.gov/cgi-bin/tsearch?artistid=4366
"Holdermann, Georg",https://web.archive.org/web/20121010213409/http://www.nga.gov/cgi-bin/tsearch?artistid=2133
"Hole, William",https://web.archive.org/web/20121010213409/http://www.nga.gov/cgi-bin/tsearch?artistid=6243
"Holgate, Edwin Headley",https://web.archive.org/web/20121010213409/http://www.nga.gov/cgi-bin/tsearch?artistid=4367
"Holl, Francis",https://web.archive.org/web/20121010213409/http://www.nga.gov/cgi-bin/tsearch?artistid=6377
"Holl, Francis Montague",https://web.archive.org/web/20121010213409/http://www.nga.gov/cgi-bin/tsearch?artistid=4368
"Holl, Frank",https://web.archive.org/web/20121010213409/http://www.nga.gov/cgi-bin/tsearch?artistid=4368
"Holl I, William",https://web.archive.org/web/20121010213409/http://www.nga.gov/cgi-bin/tsearch?artistid=6116
"Holl II, William",https://web.archive.org/web/20121010213409/http://www.nga.gov/cgi-bin/tsearch?artistid=5657
"Holland, Henry",https://web.archive.org/web/20121010213409/http://www.nga.gov/cgi-bin/tsearch?artistid=7140
"Holland, Tom",https://web.archive.org/web/20121010213409/http://www.nga.gov/cgi-bin/tsearch?artistid=10137
"Hollander, Irwin",https://web.archive.org/web/20121010213409/http://www.nga.gov/cgi-bin/tsearch?artistid=4369
"Hollander, John",https://web.archive.org/web/20121010213409/http://www.nga.gov/cgi-bin/tsearch?artistid=24693
"Hollar, Wenceslaus",https://web.archive.org/web/20121010213409/http://www.nga.gov/cgi-bin/tsearch?artistid=2572
"Hollar, Wenzel",https://web.archive.org/web/20121010213409/http://www.nga.gov/cgi-bin/tsearch?artistid=2572
"Holleben, Elisabeth von",https://web.archive.org/web/20121010213325/http://www.nga.gov/cgi-bin/tsearch?artistid=4370
"Hollingsworth, Doris",https://web.archive.org/web/20121010213325/http://www.nga.gov/cgi-bin/tsearch?artistid=7658
"Hollister, Robert",https://web.archive.org/web/20121010213325/http://www.nga.gov/cgi-bin/tsearch?artistid=26031
Hollmana,https://web.archive.org/web/20121010213325/http://www.nga.gov/cgi-bin/tsearch?artistid=8250
"Holloway, Thomas",https://web.archive.org/web/20121010213325/http://www.nga.gov/cgi-bin/tsearch?artistid=4371
"Holloway, Thomas",https://web.archive.org/web/20121010213325/http://www.nga.gov/cgi-bin/tsearch?artistid=7659
"Hollyer, Frederick",https://web.archive.org/web/20121010213325/http://www.nga.gov/cgi-bin/tsearch?artistid=30291
"Holm, Edwin",https://web.archive.org/web/20121010213325/http://www.nga.gov/cgi-bin/tsearch?artistid=34237
"Holman, Louis Arthur",https://web.archive.org/web/20121010213325/http://www.nga.gov/cgi-bin/tsearch?artistid=7143
"Holme, Maud M.",https://web.archive.org/web/20121010213325/http://www.nga.gov/cgi-bin/tsearch?artistid=7660
"Holme, Thomas",https://web.archive.org/web/20121010213325/http://www.nga.gov/cgi-bin/tsearch?artistid=4372
"Holmes, John",https://web.archive.org/web/20121010213325/http://www.nga.gov/cgi-bin/tsearch?artistid=33570
"Holmes, Kenneth",https://web.archive.org/web/20121010213325/http://www.nga.gov/cgi-bin/tsearch?artistid=4373
"Holmstrom, Henry",https://web.archive.org/web/20121010213325/http://www.nga.gov/cgi-bin/tsearch?artistid=34238
"Holst, William H.",https://web.archive.org/web/20121010213325/http://www.nga.gov/cgi-bin/tsearch?artistid=33571
"Holsteyn II, Pieter",https://web.archive.org/web/20121010213325/http://www.nga.gov/cgi-bin/tsearch?artistid=4374
"Holst-Grubbe, B.",https://web.archive.org/web/20121010213325/http://www.nga.gov/cgi-bin/tsearch?artistid=7661
"Holt, Geoffrey",https://web.archive.org/web/20121010213325/http://www.nga.gov/cgi-bin/tsearch?artistid=7662
"Holt, Nancy",https://web.archive.org/web/20121010213325/http://www.nga.gov/cgi-bin/tsearch?artistid=19994
"Holtmann, Theodor",https://web.archive.org/web/20121010213325/http://www.nga.gov/cgi-bin/tsearch?artistid=6244
"Holton, Curlee Raven",https://web.archive.org/web/20121010213325/http://www.nga.gov/cgi-bin/tsearch?artistid=32997
"Holty, Carl Robert",https://web.archive.org/web/20121010213325/http://www.nga.gov/cgi-bin/tsearch?artistid=5631
"Holtzhey, Johann Georg",https://web.archive.org/web/20121010213325/http://www.nga.gov/cgi-bin/tsearch?artistid=23143
"Holzer, Jenny",https://web.archive.org/web/20121010213325/http://www.nga.gov/cgi-bin/tsearch?artistid=31331
"Holzer, Johann Evangelist",https://web.archive.org/web/20121010213325/http://www.nga.gov/cgi-bin/tsearch?artistid=6928
Homer,https://web.archive.org/web/20121010213325/http://www.nga.gov/cgi-bin/tsearch?artistid=7013
"Homer, Winslow",https://web.archive.org/web/20121010213325/http://www.nga.gov/cgi-bin/tsearch?artistid=1401
"Hondius, Willem",https://web.archive.org/web/20121010213325/http://www.nga.gov/cgi-bin/tsearch?artistid=5969
"Hondius I, Hendrik",https://web.archive.org/web/20121010213325/http://www.nga.gov/cgi-bin/tsearch?artistid=4375
"Hondius I, Jodocus",https://web.archive.org/web/20121010213444/http://www.nga.gov/cgi-bin/tsearch?artistid=4376
"Hondt, Joost de",https://web.archive.org/web/20121010213444/http://www.nga.gov/cgi-bin/tsearch?artistid=4376
"Honegger, Gottfried",https://web.archive.org/web/20121010213444/http://www.nga.gov/cgi-bin/tsearch?artistid=4377
"Honegger-Lavater, Gottfried",https://web.archive.org/web/20121010213444/http://www.nga.gov/cgi-bin/tsearch?artistid=4377
"Honne, Paul de la",https://web.archive.org/web/20121010213444/http://www.nga.gov/cgi-bin/tsearch?artistid=6375
"Honthorst, Gerard van",https://web.archive.org/web/20121010213444/http://www.nga.gov/cgi-bin/tsearch?artistid=4378
"Honthorst, Gerrit van",https://web.archive.org/web/20121010213444/http://www.nga.gov/cgi-bin/tsearch?artistid=4378
"Hooch, Pieter de",https://web.archive.org/web/20121010213444/http://www.nga.gov/cgi-bin/tsearch?artistid=1403
"Hood, D.",https://web.archive.org/web/20121010213444/http://www.nga.gov/cgi-bin/tsearch?artistid=36660
"Hood, Thomas Richard",https://web.archive.org/web/20121010213444/http://www.nga.gov/cgi-bin/tsearch?artistid=33572
"Hoogewerff, Godefridus Joannes",https://web.archive.org/web/20121010213444/http://www.nga.gov/cgi-bin/tsearch?artistid=6996
"Hoogh, Pieter de",https://web.archive.org/web/20121010213444/http://www.nga.gov/cgi-bin/tsearch?artistid=1403
"Hooghe, Pieter de",https://web.archive.org/web/20121010213444/http://www.nga.gov/cgi-bin/tsearch?artistid=1403
"Hooghe, Romeyn de",https://web.archive.org/web/20121010213444/http://www.nga.gov/cgi-bin/tsearch?artistid=4379
"Hoogstraten, Samuel van",https://web.archive.org/web/20121010213444/http://www.nga.gov/cgi-bin/tsearch?artistid=6770
"Hoopes, Henrietta Elizabeth Dodd",https://web.archive.org/web/20121010213444/http://www.nga.gov/cgi-bin/tsearch?artistid=5564
"Hoove, Frederik Hendrik van den",https://web.archive.org/web/20121010213444/http://www.nga.gov/cgi-bin/tsearch?artistid=6247
"Hoover, Ellison",https://web.archive.org/web/20121010213444/http://www.nga.gov/cgi-bin/tsearch?artistid=33573
"Hopf, Ernest J.",https://web.archive.org/web/20121010213444/http://www.nga.gov/cgi-bin/tsearch?artistid=33574
"Hopfer, Daniel",https://web.archive.org/web/20121010213444/http://www.nga.gov/cgi-bin/tsearch?artistid=4380
"Hopfer, Hieronymus",https://web.archive.org/web/20121010213444/http://www.nga.gov/cgi-bin/tsearch?artistid=4381
"Hopfer, Jerome",https://web.archive.org/web/20121010213444/http://www.nga.gov/cgi-bin/tsearch?artistid=4381
"Hopfer, Lambert",https://web.archive.org/web/20121010213444/http://www.nga.gov/cgi-bin/tsearch?artistid=4382
"Hopfer, Lambrecht",https://web.archive.org/web/20121010213444/http://www.nga.gov/cgi-bin/tsearch?artistid=4382
"Hopkins, Milton W.",https://web.archive.org/web/20121010213444/http://www.nga.gov/cgi-bin/tsearch?artistid=6682
"Hopkins, Willie",https://web.archive.org/web/20121010213444/http://www.nga.gov/cgi-bin/tsearch?artistid=33575
"Hopper, Dennis",https://web.archive.org/web/20121010213444/http://www.nga.gov/cgi-bin/tsearch?artistid=23844
"Hopper, Edward",https://web.archive.org/web/20121010213444/http://www.nga.gov/cgi-bin/tsearch?artistid=1404
"Hoppner, John",https://web.archive.org/web/20121010213444/http://www.nga.gov/cgi-bin/tsearch?artistid=1405
"Hopson, William Fowler",https://web.archive.org/web/20121010213346/http://www.nga.gov/cgi-bin/tsearch?artistid=4384
"Hopwood I, James",https://web.archive.org/web/20121010213346/http://www.nga.gov/cgi-bin/tsearch?artistid=6245
Horace,https://web.archive.org/web/20121010213346/http://www.nga.gov/cgi-bin/tsearch?artistid=7014
"Horak, Bohuslav",https://web.archive.org/web/20121010213346/http://www.nga.gov/cgi-bin/tsearch?artistid=4385
"Horatius Flaccus, Quintus",https://web.archive.org/web/20121010213346/http://www.nga.gov/cgi-bin/tsearch?artistid=7014
"Horn, Roni",https://web.archive.org/web/20121010213346/http://www.nga.gov/cgi-bin/tsearch?artistid=18944
"Hornby, Lester George",https://web.archive.org/web/20121010213346/http://www.nga.gov/cgi-bin/tsearch?artistid=35135
"Hornick, Erasmus",https://web.archive.org/web/20121010213346/http://www.nga.gov/cgi-bin/tsearch?artistid=5579
"Horst, Nikolaus van der",https://web.archive.org/web/20121010213346/http://www.nga.gov/cgi-bin/tsearch?artistid=6237
"Horter, Earl",https://web.archive.org/web/20121010213346/http://www.nga.gov/cgi-bin/tsearch?artistid=4386
"Horter, Elizabeth Lentz",https://web.archive.org/web/20121010213346/http://www.nga.gov/cgi-bin/tsearch?artistid=33576
"Horthemels, Marie-Nicole",https://web.archive.org/web/20121010213346/http://www.nga.gov/cgi-bin/tsearch?artistid=21123
"Horton, Clarence",https://web.archive.org/web/20121010213346/http://www.nga.gov/cgi-bin/tsearch?artistid=8257
"Horvat, Frank",https://web.archive.org/web/20121010213346/http://www.nga.gov/cgi-bin/tsearch?artistid=24757
"Horwitz, Channa",https://web.archive.org/web/20121010213346/http://www.nga.gov/cgi-bin/tsearch?artistid=6909
"Hosier, Tabea",https://web.archive.org/web/20121010213346/http://www.nga.gov/cgi-bin/tsearch?artistid=7664
"Hosmer, Harriet Goodhue",https://web.archive.org/web/20121010213346/http://www.nga.gov/cgi-bin/tsearch?artistid=29494
"Hospodar, Stephen de",https://web.archive.org/web/20121010213346/http://www.nga.gov/cgi-bin/tsearch?artistid=33348
"Hössel, Johann Baptist",https://web.archive.org/web/20121010213346/http://www.nga.gov/cgi-bin/tsearch?artistid=25670
"Houbraken, Jacobus",https://web.archive.org/web/20121010213346/http://www.nga.gov/cgi-bin/tsearch?artistid=4387
"Houdard, Charles-Louis-M.",https://web.archive.org/web/20121010213346/http://www.nga.gov/cgi-bin/tsearch?artistid=21932
"Houdin, Antoine Leonard",https://web.archive.org/web/20121010213346/http://www.nga.gov/cgi-bin/tsearch?artistid=4388
"Houdin, Leonor",https://web.archive.org/web/20121010213346/http://www.nga.gov/cgi-bin/tsearch?artistid=4388
"Houdon, Jean-Antoine",https://web.archive.org/web/20121010213346/http://www.nga.gov/cgi-bin/tsearch?artistid=2134
"Hoüel, Jean-Pierre-Louis-Laurent",https://web.archive.org/web/20121010213346/http://www.nga.gov/cgi-bin/tsearch?artistid=11470
"Houra, Miroslav",https://web.archive.org/web/20121010213346/http://www.nga.gov/cgi-bin/tsearch?artistid=24808
Housebook Master,https://web.archive.org/web/20121010213346/http://www.nga.gov/cgi-bin/tsearch?artistid=4884
"Houser, Lowell D.",https://web.archive.org/web/20121010213346/http://www.nga.gov/cgi-bin/tsearch?artistid=33577
"Houston, Richard",https://web.archive.org/web/20121010213346/http://www.nga.gov/cgi-bin/tsearch?artistid=6258
"Houten, Gerard van",https://web.archive.org/web/20121010213352/http://www.nga.gov/cgi-bin/tsearch?artistid=34402
"Houve, Paul de la",https://web.archive.org/web/20121010213352/http://www.nga.gov/cgi-bin/tsearch?artistid=6246
"Hove, Frederik Hendrik van den",https://web.archive.org/web/20121010213352/http://www.nga.gov/cgi-bin/tsearch?artistid=6247
"Hovenden, Thomas",https://web.archive.org/web/20121010213352/http://www.nga.gov/cgi-bin/tsearch?artistid=2573
"Howard, 9th earl of Carlisle, George",https://web.archive.org/web/20121010213352/http://www.nga.gov/cgi-bin/tsearch?artistid=8520
"Howard, Charles Houghton",https://web.archive.org/web/20121010213352/http://www.nga.gov/cgi-bin/tsearch?artistid=33578
"Howard, Eloise",https://web.archive.org/web/20121010213352/http://www.nga.gov/cgi-bin/tsearch?artistid=33579
"Howard, John Langley",https://web.archive.org/web/20121010213352/http://www.nga.gov/cgi-bin/tsearch?artistid=12610
"Howard, Sarah",https://web.archive.org/web/20121010213352/http://www.nga.gov/cgi-bin/tsearch?artistid=27167
"Howe, Tina",https://web.archive.org/web/20121010213352/http://www.nga.gov/cgi-bin/tsearch?artistid=24502
"Howitt, Samuel",https://web.archive.org/web/20121010213352/http://www.nga.gov/cgi-bin/tsearch?artistid=4389
"Howland, Alfred Cornelius",https://web.archive.org/web/20121010213352/http://www.nga.gov/cgi-bin/tsearch?artistid=2574
"Howlett, Robert",https://web.archive.org/web/20121010213352/http://www.nga.gov/cgi-bin/tsearch?artistid=13370
"Hoxie, Jerome",https://web.archive.org/web/20121010213352/http://www.nga.gov/cgi-bin/tsearch?artistid=7665
"Hoyem, Andrew",https://web.archive.org/web/20121010213352/http://www.nga.gov/cgi-bin/tsearch?artistid=26024
"Hozo, Dzevad",https://web.archive.org/web/20121010213352/http://www.nga.gov/cgi-bin/tsearch?artistid=4383
"Hrabal, Bohumil",https://web.archive.org/web/20121010213352/http://www.nga.gov/cgi-bin/tsearch?artistid=25687
Hroswitha,https://web.archive.org/web/20121010213352/http://www.nga.gov/cgi-bin/tsearch?artistid=27160
Hrotsvitha,https://web.archive.org/web/20121010213352/http://www.nga.gov/cgi-bin/tsearch?artistid=27160
Hsiung Ping-Ming,https://web.archive.org/web/20121010213352/http://www.nga.gov/cgi-bin/tsearch?artistid=4390
"Huard, Charles",https://web.archive.org/web/20121010213352/http://www.nga.gov/cgi-bin/tsearch?artistid=19365
"Hubbard, Alfred E.",https://web.archive.org/web/20121010213352/http://www.nga.gov/cgi-bin/tsearch?artistid=5741
"Hubbard, Eric Hesketh",https://web.archive.org/web/20121010213352/http://www.nga.gov/cgi-bin/tsearch?artistid=7147
"Hubbard, Hesketh",https://web.archive.org/web/20121010213352/http://www.nga.gov/cgi-bin/tsearch?artistid=7147
"Hubbard, Richard William",https://web.archive.org/web/20121010213352/http://www.nga.gov/cgi-bin/tsearch?artistid=2575
"Hubbuch, Karl",https://web.archive.org/web/20121010213352/http://www.nga.gov/cgi-bin/tsearch?artistid=25032
"Huber, Jakob Wilhelm",https://web.archive.org/web/20121010213352/http://www.nga.gov/cgi-bin/tsearch?artistid=35484
"Huber, Jean",https://web.archive.org/web/20121010213352/http://www.nga.gov/cgi-bin/tsearch?artistid=4391
"Huber, Johann Caspar",https://web.archive.org/web/20121010213352/http://www.nga.gov/cgi-bin/tsearch?artistid=27409
"Huber, Michel",https://web.archive.org/web/20121010213400/http://www.nga.gov/cgi-bin/tsearch?artistid=34369
"Huber, Wolf",https://web.archive.org/web/20121010213400/http://www.nga.gov/cgi-bin/tsearch?artistid=2576
"Huber, Wolfgang",https://web.archive.org/web/20121010213400/http://www.nga.gov/cgi-bin/tsearch?artistid=2576
"Hubert, François",https://web.archive.org/web/20121010213400/http://www.nga.gov/cgi-bin/tsearch?artistid=5984
Huber-Voltaire,https://web.archive.org/web/20121010213400/http://www.nga.gov/cgi-bin/tsearch?artistid=4391
"Hübner, Julius",https://web.archive.org/web/20121010213400/http://www.nga.gov/cgi-bin/tsearch?artistid=24072
"Hübner, Paul",https://web.archive.org/web/20121010213400/http://www.nga.gov/cgi-bin/tsearch?artistid=5534
"Huchtenburgh, Jan van",https://web.archive.org/web/20121010213400/http://www.nga.gov/cgi-bin/tsearch?artistid=4393
"Huchtenburgh, Johannes van",https://web.archive.org/web/20121010213400/http://www.nga.gov/cgi-bin/tsearch?artistid=4393
"Huchthausen, Timothy",https://web.archive.org/web/20121010213400/http://www.nga.gov/cgi-bin/tsearch?artistid=19079
"Hudecek, Frantisek",https://web.archive.org/web/20121010213400/http://www.nga.gov/cgi-bin/tsearch?artistid=24769
"Hudson, Case",https://web.archive.org/web/20121010213400/http://www.nga.gov/cgi-bin/tsearch?artistid=26449
"Hudson, Robert",https://web.archive.org/web/20121010213400/http://www.nga.gov/cgi-bin/tsearch?artistid=20536
"Hudson, W.H.",https://web.archive.org/web/20121010213400/http://www.nga.gov/cgi-bin/tsearch?artistid=7015
"Hudson, William Henry",https://web.archive.org/web/20121010213400/http://www.nga.gov/cgi-bin/tsearch?artistid=7015
"Huebler, Douglas",https://web.archive.org/web/20121010213400/http://www.nga.gov/cgi-bin/tsearch?artistid=10138
"Huet, Christophe",https://web.archive.org/web/20121010213400/http://www.nga.gov/cgi-bin/tsearch?artistid=27534
"Huet, François",https://web.archive.org/web/20121010213400/http://www.nga.gov/cgi-bin/tsearch?artistid=5941
"Hüet, Jean-Baptiste",https://web.archive.org/web/20121010213400/http://www.nga.gov/cgi-bin/tsearch?artistid=2577
"Huet, Jean-Baptiste-Marie",https://web.archive.org/web/20121010213400/http://www.nga.gov/cgi-bin/tsearch?artistid=2577
"Huet, Paul",https://web.archive.org/web/20121010213400/http://www.nga.gov/cgi-bin/tsearch?artistid=4394
"Hufnagel, Georg",https://web.archive.org/web/20121010213400/http://www.nga.gov/cgi-bin/tsearch?artistid=2569
"Huge, Jurgan Frederick",https://web.archive.org/web/20121010213400/http://www.nga.gov/cgi-bin/tsearch?artistid=6533
"Hughes, Robert Ball",https://web.archive.org/web/20121010213400/http://www.nga.gov/cgi-bin/tsearch?artistid=27900
"Hughes-Stanton, Blair Rowlands",https://web.archive.org/web/20121010213400/http://www.nga.gov/cgi-bin/tsearch?artistid=4395
"Hugo, Charles-Victor",https://web.archive.org/web/20121010213400/http://www.nga.gov/cgi-bin/tsearch?artistid=17717
"Hugo, Georges-Charles",https://web.archive.org/web/20121010213400/http://www.nga.gov/cgi-bin/tsearch?artistid=21933
"Hugo, Herman",https://web.archive.org/web/20121010213400/http://www.nga.gov/cgi-bin/tsearch?artistid=13259
"Hugo, Ian",https://web.archive.org/web/20121010213400/http://www.nga.gov/cgi-bin/tsearch?artistid=4396
"Hugo, Valentine",https://web.archive.org/web/20121010213254/http://www.nga.gov/cgi-bin/tsearch?artistid=4397
"Hugo, Victor",https://web.archive.org/web/20121010213254/http://www.nga.gov/cgi-bin/tsearch?artistid=4398
"Hugo, Victor Marie",https://web.archive.org/web/20121010213254/http://www.nga.gov/cgi-bin/tsearch?artistid=4398
"Hugonnier, Marine",https://web.archive.org/web/20121010213254/http://www.nga.gov/cgi-bin/tsearch?artistid=34209
"Hukill, Henrietta S.",https://web.archive.org/web/20121010213254/http://www.nga.gov/cgi-bin/tsearch?artistid=7666
"Hulett, James",https://web.archive.org/web/20121010213254/http://www.nga.gov/cgi-bin/tsearch?artistid=4399
"Hulle, Anselmus von",https://web.archive.org/web/20121010213254/http://www.nga.gov/cgi-bin/tsearch?artistid=6342
"Hullmandel, Charles Joseph",https://web.archive.org/web/20121010213254/http://www.nga.gov/cgi-bin/tsearch?artistid=25680
"Hulsberg, Hendrik",https://web.archive.org/web/20121010213254/http://www.nga.gov/cgi-bin/tsearch?artistid=14759
"Hulsen, Frederik van",https://web.archive.org/web/20121010213254/http://www.nga.gov/cgi-bin/tsearch?artistid=6248
"Hulsius, Frederik van",https://web.archive.org/web/20121010213254/http://www.nga.gov/cgi-bin/tsearch?artistid=6248
"Hultberg, John",https://web.archive.org/web/20121010213254/http://www.nga.gov/cgi-bin/tsearch?artistid=1406
"Humber, Yvonne Twining",https://web.archive.org/web/20121010213254/http://www.nga.gov/cgi-bin/tsearch?artistid=33582
"Humbert de Molard, Louis-Adolphe, Baron",https://web.archive.org/web/20121010213254/http://www.nga.gov/cgi-bin/tsearch?artistid=21723
"Humes, Mary E.",https://web.archive.org/web/20121010213254/http://www.nga.gov/cgi-bin/tsearch?artistid=7667
"Humphrey, Donald",https://web.archive.org/web/20121010213254/http://www.nga.gov/cgi-bin/tsearch?artistid=7668
"Humphrey, Hannah",https://web.archive.org/web/20121010213254/http://www.nga.gov/cgi-bin/tsearch?artistid=36942
"Humphreys, Charles S.",https://web.archive.org/web/20121010213254/http://www.nga.gov/cgi-bin/tsearch?artistid=1407
"Humphreys, Henry Noel",https://web.archive.org/web/20121010213254/http://www.nga.gov/cgi-bin/tsearch?artistid=6093
"Hundertwasser, Friedensreich",https://web.archive.org/web/20121010213254/http://www.nga.gov/cgi-bin/tsearch?artistid=4401
"Hundertwasser, Fritz",https://web.archive.org/web/20121010213254/http://www.nga.gov/cgi-bin/tsearch?artistid=4401
"Hunt, Bryan",https://web.archive.org/web/20121010213254/http://www.nga.gov/cgi-bin/tsearch?artistid=19015
"Hunt, Charles",https://web.archive.org/web/20121010213254/http://www.nga.gov/cgi-bin/tsearch?artistid=4402
"Hunt, Diane",https://web.archive.org/web/20121010213254/http://www.nga.gov/cgi-bin/tsearch?artistid=19934
"Hunt, Richard Howard",https://web.archive.org/web/20121010213254/http://www.nga.gov/cgi-bin/tsearch?artistid=5923
"Hunt, Thomas Frederick",https://web.archive.org/web/20121010213254/http://www.nga.gov/cgi-bin/tsearch?artistid=11539
"Hunt, William Henry",https://web.archive.org/web/20121010213254/http://www.nga.gov/cgi-bin/tsearch?artistid=9844
"Hunt, William Holman",https://web.archive.org/web/20121010213254/http://www.nga.gov/cgi-bin/tsearch?artistid=4403
"Hunt, William Morris",https://web.archive.org/web/20121010213254/http://www.nga.gov/cgi-bin/tsearch?artistid=2578
"Hunter, Florence Kent",https://web.archive.org/web/20121010213406/http://www.nga.gov/cgi-bin/tsearch?artistid=35065
"Hunter, John H.",https://web.archive.org/web/20121010213406/http://www.nga.gov/cgi-bin/tsearch?artistid=5924
"Hunter, Lillian",https://web.archive.org/web/20121010213406/http://www.nga.gov/cgi-bin/tsearch?artistid=7686
"Hunter, Robert Howard",https://web.archive.org/web/20121010213406/http://www.nga.gov/cgi-bin/tsearch?artistid=35083
"Huntington, Daniel",https://web.archive.org/web/20121010213406/http://www.nga.gov/cgi-bin/tsearch?artistid=1408
"Huntley, Victoria Hutson",https://web.archive.org/web/20121010213406/http://www.nga.gov/cgi-bin/tsearch?artistid=4404
"Huntoon, Mary",https://web.archive.org/web/20121010213406/http://www.nga.gov/cgi-bin/tsearch?artistid=33584
"Hunziker, Max",https://web.archive.org/web/20121010213406/http://www.nga.gov/cgi-bin/tsearch?artistid=4405
"Huot, François",https://web.archive.org/web/20121010213406/http://www.nga.gov/cgi-bin/tsearch?artistid=4400
"Huquier, Gabriel",https://web.archive.org/web/20121010213406/http://www.nga.gov/cgi-bin/tsearch?artistid=4406
"Hurd, Peter",https://web.archive.org/web/20121010213406/http://www.nga.gov/cgi-bin/tsearch?artistid=5496
"Huret, Grégoire",https://web.archive.org/web/20121010213406/http://www.nga.gov/cgi-bin/tsearch?artistid=6860
"Hurley, Edward Timothy",https://web.archive.org/web/20121010213406/http://www.nga.gov/cgi-bin/tsearch?artistid=4407
"Hurson, Michael",https://web.archive.org/web/20121010213406/http://www.nga.gov/cgi-bin/tsearch?artistid=23742
"Hurtig, Martin Russell",https://web.archive.org/web/20121010213406/http://www.nga.gov/cgi-bin/tsearch?artistid=33585
"Hurtrel, Georges",https://web.archive.org/web/20121010213406/http://www.nga.gov/cgi-bin/tsearch?artistid=5581
"Hurwitz, Harry L.",https://web.archive.org/web/20121010213406/http://www.nga.gov/cgi-bin/tsearch?artistid=4408
"Husband, Dalla",https://web.archive.org/web/20121010213406/http://www.nga.gov/cgi-bin/tsearch?artistid=33586
"Husson, Jules",https://web.archive.org/web/20121010213406/http://www.nga.gov/cgi-bin/tsearch?artistid=6984
"Husson-Fleury, Jules-Francois-Felix",https://web.archive.org/web/20121010213406/http://www.nga.gov/cgi-bin/tsearch?artistid=6984
"Huston, Florence",https://web.archive.org/web/20121010213406/http://www.nga.gov/cgi-bin/tsearch?artistid=7669
"Hutcheson, John",https://web.archive.org/web/20121010213406/http://www.nga.gov/cgi-bin/tsearch?artistid=24598
"Hutchinson, Peter",https://web.archive.org/web/20121010213406/http://www.nga.gov/cgi-bin/tsearch?artistid=20472
"Hutten, Ulrich von",https://web.archive.org/web/20121010213406/http://www.nga.gov/cgi-bin/tsearch?artistid=29939
"Hutty, Alfred Heber",https://web.archive.org/web/20121010213406/http://www.nga.gov/cgi-bin/tsearch?artistid=5742
"Huvé, Pierre",https://web.archive.org/web/20121010213406/http://www.nga.gov/cgi-bin/tsearch?artistid=21419
"Huybrechts, Gaspar",https://web.archive.org/web/20121010213406/http://www.nga.gov/cgi-bin/tsearch?artistid=30470
"Huys, Frans",https://web.archive.org/web/20121010213406/http://www.nga.gov/cgi-bin/tsearch?artistid=4410
"Huysum, Jan van",https://web.archive.org/web/20121010213406/http://www.nga.gov/cgi-bin/tsearch?artistid=1409
"Hwang, Kyu-Baik",https://web.archive.org/web/20121010213305/http://www.nga.gov/cgi-bin/tsearch?artistid=4411
"Hyde, Hazel",https://web.archive.org/web/20121010213305/http://www.nga.gov/cgi-bin/tsearch?artistid=7670
"Hyre, Laurent de La",https://web.archive.org/web/20121010213305/http://www.nga.gov/cgi-bin/tsearch?artistid=5599
"Hysebrant, Adriaen",https://web.archive.org/web/20121010213305/http://www.nga.gov/cgi-bin/tsearch?artistid=1415
"Hysing, H.",https://web.archive.org/web/20121010213305/http://www.nga.gov/cgi-bin/tsearch?artistid=6318
